Symbol,Category,Name,Price,RiseFall,Change,ChangeRate,NAV,EarningRate,Volume,Amount,MarCap
069500,1,KODEX 200,134815,2,4825,3.71,135143.0,38.7239,17383318,2326711,294840
360750,4,TIGER 미국S&P500,28300,2,300,1.07,28266.0,14.2443,9372022,264025,187997
396500,2,TIGER 반도체TOP10,50450,2,335,0.67,50635.0,39.0679,25295751,1273452,146204
102110,1,TIGER 200,134960,2,4975,3.83,135178.0,38.8359,5488162,735800,117550
133690,4,TIGER 미국나스닥100,201945,2,3195,1.61,201668.0,25.1259,488995,98237,109797
122630,3,KODEX 레버리지,204400,2,14940,7.89,205312.0,70.2552,15399753,3094837,108025
379800,4,KODEX 미국S&P500,25800,2,285,1.12,25770.0,14.2255,14346288,368566,97060
278530,1,KODEX 200TR,48515,2,1590,3.39,48815.0,38.381,1666123,80704,92276
379810,4,KODEX 미국나스닥100,30250,2,490,1.65,30200.0,25.1898,3217089,96756,83989
488770,7,KODEX 머니마켓액티브,104490,2,20,0.02,104490.0,0.7473,838818,87645,80773
459580,6,KODEX CD금리액티브(합성),1073565,2,85,0.01,1073610.0,0.684,374326,401862,77772
091160,2,KODEX 반도체,160980,2,170,0.11,161956.0,52.7109,7207694,1161721,75822
498400,2,KODEX 200타겟위클리커버드콜,26545,2,890,3.47,26550.0,35.274,8146898,214385,63894
310970,1,TIGER MSCI Korea TR,59980,2,2310,4.01,60034.0,39.6368,57620,3425,63159
381180,4,TIGER 미국필라델피아반도체나스닥,50825,2,1470,2.98,50479.0,60.9979,2259740,114085,62591
229200,1,KODEX 코스닥150,18730,5,-390,-2.04,18743.0,-9.2728,26034725,486181,51030
148020,1,RISE 200,136320,2,5375,4.1,136030.0,38.6201,1579956,212669,49552
411060,5,ACE KRX금현물,30005,2,705,2.41,30241.0,-12.6156,2121788,63298,46118
357870,6,TIGER CD금리투자KIS(합성),57555,2,10,0.02,57553.0,0.6735,281589,16206,44792
381170,4,TIGER 미국테크TOP10 INDXX,35065,2,600,1.74,35028.0,20.3386,792289,27602,44129
273130,6,KODEX 종합채권(AA-이상)액티브,111220,2,575,0.52,111174.0,-3.1257,25308,2812,43506
102780,2,KODEX 삼성그룹,32750,2,2300,7.55,32659.0,48.3978,1859500,59541,43034
395270,2,HANARO Fn K-반도체,75620,2,4410,6.19,75481.0,93.7397,9455614,702932,42839
0167A0,2,SOL AI반도체TOP2플러스,25200,2,1825,7.81,25094.0,,63899125,1570364,42575
423160,6,KODEX KOFR금리액티브(합성),110645,2,15,0.01,110639.0,0.625,149393,16529,42282
487240,2,KODEX AI전력핵심설비,47220,5,-1345,-2.77,47527.0,39.5744,10448254,490193,40893
360200,4,ACE 미국S&P500,28615,2,305,1.08,28574.0,14.2737,519967,14808,40376
395160,2,KODEX AI반도체TOP2플러스,53770,2,3620,7.22,53569.0,69.8315,17989689,945835,38499
458730,4,TIGER 미국배당다우존스,15540,2,5,0.03,15539.0,9.478,2359131,36593,37498
367380,4,ACE 미국나스닥100,34720,2,560,1.64,34677.0,25.1088,1003968,34672,35206
233740,3,KODEX 코스닥150레버리지,14475,5,-625,-4.14,14480.0,-26.1795,61874268,893358,34190
278540,1,KODEX MSCI Korea TR,47815,2,2030,4.43,47800.0,39.4183,77996,3699,32419
494310,2,KODEX 반도체레버리지,164465,2,1850,1.14,164837.0,98.2867,5067357,826342,31742
292150,2,TIGER 코리아TOP10,47340,2,1525,3.33,47183.0,33.3302,2758960,129499,31528
0162Z0,7,RISE 삼성전자SK하이닉스채권혼합50,14615,2,225,1.56,14640.0,34.9188,16816057,245407,30253
0043B0,6,TIGER 머니마켓액티브,102600,2,15,0.01,102596.0,0.776,186398,19124,29643
481050,6,KODEX CD1년금리플러스액티브(합성),1021660,2,80,0.01,1021694.0,0.7017,14499,14813,29320
455890,6,RISE 머니마켓액티브,55020,2,5,0.01,55023.0,0.76,296386,16306,26785
161510,2,PLUS 고배당주,26490,2,365,1.4,26551.0,-8.5765,2885365,75626,26011
139260,2,TIGER 200 IT,187940,2,14205,8.18,185363.0,84.7161,2557847,469507,25973
456600,4,TIME 글로벌AI인공지능액티브,69235,2,3475,5.28,68259.0,57.0013,650765,44530,25520
449170,6,TIGER KOFR금리액티브(합성),111000,2,15,0.01,110999.0,0.6073,125947,13979,24192
294400,1,KIWOOM 200TR,176435,2,6255,3.68,176858.0,38.4646,115386,20256,23819
305720,2,KODEX 2차전지산업,20285,2,255,1.27,20358.0,3.1597,5385779,107726,23510
488080,3,TIGER 반도체TOP10레버리지,87100,5,-400,-0.46,89388.0,64.1497,7209837,633162,23212
426030,4,TIME 미국나스닥100액티브,57500,2,2505,4.55,56556.0,46.6728,1152628,65646,22345
284430,6,KODEX 200미국채혼합,24095,2,485,2.05,24044.0,16.0631,1663085,39837,21975
0183J0,4,TIGER 미국우주테크,18020,2,285,1.61,18606.0,,34815041,629280,21597
385540,6,RISE 종합채권(A-이상)액티브,104165,2,530,0.51,104078.0,-2.9635,3527,367,21270
105190,1,ACE 200,135735,2,5120,3.92,135637.0,38.736,295129,39701,21107
315930,2,KODEX Top5PlusTR,100340,2,2750,2.82,100949.0,40.3465,135159,13551,21071
214980,6,KODEX 단기채권PLUS,114660,2,5,0.0,114675.0,0.4934,52535,6023,21064
152100,1,PLUS 200,137010,2,5050,3.83,137240.0,38.7328,280705,38236,20689
487230,4,KODEX 미국AI전력핵심인프라,25890,2,90,0.35,25949.0,28.1103,1955519,50323,20660
0193T0,2,KODEX SK하이닉스단일종목레버리지,29895,2,925,3.19,30120.0,,91377065,2748467,20426
472150,2,TIGER 배당커버드콜액티브,26180,2,800,3.15,26325.0,41.8365,4483825,116698,20329
466920,2,SOL 조선TOP3플러스,37700,5,-725,-1.89,37937.0,0.3544,3165133,119972,19359
486290,4,TIGER 미국나스닥100타겟데일리커버드콜,12205,2,205,1.71,12194.0,23.4041,2293066,27863,18332
446770,4,ACE 글로벌반도체TOP4 Plus,92550,2,2730,3.04,91671.0,46.407,478896,43880,18186
453850,6,ACE 미국30년국채액티브(H),7440,2,75,1.02,7449.0,-5.1745,2781821,20691,18072
091230,2,TIGER 반도체,169745,5,-50,-0.03,169380.0,53.9196,975576,165092,17212
232080,1,TIGER 코스닥150,19055,5,-465,-2.38,19125.0,-9.1403,3852960,73433,16650
475630,7,TIGER CD1년금리액티브(합성),1067570,2,125,0.01,1067569.0,0.6833,19245,20545,16002
368590,4,RISE 미국나스닥100,33660,2,535,1.62,33631.0,25.142,244715,8195,15820
441640,4,KODEX 미국배당커버드콜액티브,13395,2,25,0.19,13424.0,7.0655,1153215,15400,15786
445290,2,KODEX 로봇액티브,44675,2,3625,8.83,44509.0,6.8433,4499547,196141,15502
379780,4,RISE 미국S&P500,24750,2,275,1.12,24706.0,14.4245,264673,6517,15469
477080,6,RISE CD금리액티브(합성),106680,2,5,0.0,106685.0,0.6652,4701,501,15362
449450,2,PLUS K방산,68130,5,-1995,-2.84,68480.0,-0.8165,884877,61128,15132
329200,2,TIGER 리츠부동산인프라,4105,5,-90,-2.15,4134.0,-7.6029,8727143,35981,14827
390390,4,KODEX 미국반도체,62070,2,1680,2.78,61681.0,50.0624,783576,48270,14214
0072R0,5,TIGER KRX금현물,14290,2,390,2.81,14451.0,-13.1793,1220786,17336,14133
157450,6,TIGER 단기통안채,111820,2,10,0.01,111820.0,0.544,52168,5833,13642
494890,1,KODEX 200액티브,39000,2,1400,3.72,39077.0,38.6006,510521,19800,13611
497570,4,TIGER 미국필라델피아AI반도체나스닥,24535,2,900,3.81,24302.0,39.3351,1583272,38520,13004
469150,2,ACE AI반도체TOP3+,78265,2,1305,1.7,78518.0,53.6496,1524960,119281,12992
0193W0,2,KODEX 삼성전자단일종목레버리지,24315,2,2615,12.05,24258.0,,64960208,1539049,12966
436140,6,SOL 종합채권(AA-이상)액티브,107540,2,545,0.51,107418.0,-2.8555,19820,2129,12911
305540,2,TIGER 2차전지테마,25015,2,520,2.12,24958.0,2.486,1393718,34035,12895
0117L0,6,KODEX 26-12 금융채(AA-이상)액티브,10095,2,5,0.05,10086.0,0.6986,16559,167,12816
495050,1,RISE 코리아밸류업,39335,2,1100,2.88,39477.0,38.0254,1414431,55390,12745
448330,1,KODEX 삼성전자채권혼합,17950,2,425,2.43,17962.0,9.6986,1817962,32454,12727
0117V0,2,TIGER 코리아AI전력기기TOP3플러스,24395,5,-480,-1.93,24543.0,34.0609,6241735,151068,12393
457480,4,ACE 테슬라밸류체인액티브,25160,2,220,0.88,25254.0,16.5692,1547936,38835,12240
243880,2,TIGER 200IT레버리지,846000,2,129000,17.99,824481.0,185.0781,343183,275783,12056
226490,1,KODEX 코스피,86885,2,2585,3.07,87207.0,31.3848,540262,46714,11990
0139F0,6,TIGER 12월자동연장금융채(AA-이상)액티브,101345,2,35,0.03,101341.0,0.5807,3,0,11967
465580,4,ACE 미국빅테크TOP7 Plus,26560,2,440,1.68,26530.0,22.256,986589,26057,11846
469830,6,SOL 초단기채권액티브,53915,2,15,0.03,53915.0,0.7664,324928,17517,11752
371460,4,TIGER 차이나전기차SOLACTIVE,13700,5,-55,-0.4,13787.0,12.0114,989391,13641,11711
237350,1,KODEX 코스피100,107960,2,3770,3.62,108323.0,40.2476,403134,43207,11552
356540,6,ACE 종합채권(AA-이상)액티브,102235,2,360,0.35,102245.0,-3.0086,5038,515,11474
455850,2,SOL AI반도체소부장,28900,5,-835,-2.81,28804.0,10.103,3222908,93289,11155
438080,7,ACE 미국S&P500미국채혼합50액티브,15145,2,75,0.5,15147.0,9.8796,820790,12418,11041
451540,6,TIGER 종합채권(AA-이상)액티브,53495,2,285,0.54,53449.0,-3.1578,13313,711,10975
138540,2,TIGER 현대차그룹플러스,75200,2,3945,5.54,75081.0,-2.1259,2162342,160243,10889
144600,5,KODEX 은선물(H),12410,2,440,3.68,12450.0,-20.3063,1765428,21965,10759
441800,1,TIME Korea플러스배당액티브,36805,2,645,1.78,37000.0,21.8098,951891,34831,10592
423920,4,TIGER 미국필라델피아반도체레버리지(합성),134100,2,8045,6.38,132344.0,146.2268,127043,16795,10487
475720,3,RISE 200위클리커버드콜,15940,2,305,1.95,16052.0,20.6319,1120612,17808,10226
0177N0,7,KODEX 삼성전자SK하이닉스채권혼합50,15455,2,265,1.74,15474.0,,6515889,100456,10092
479520,6,RISE KOFR금리액티브(합성),105660,2,30,0.03,105651.0,0.6047,5816,614,10065
462330,2,KODEX 2차전지산업레버리지,2300,2,55,2.45,2322.0,-8.3674,59377089,132891,10049
102970,2,KODEX 증권,25680,5,-205,-0.79,25623.0,-10.2481,2962549,75194,9990
446720,4,SOL 미국배당다우존스,14250,2,10,0.07,14250.0,9.5426,598748,8519,9975
069660,1,KIWOOM 200,135315,2,5565,4.29,134928.0,38.4285,241791,32296,9878
442580,4,PLUS 글로벌HBM반도체,119275,2,3895,3.38,118173.0,75.1149,973373,115502,9840
487340,6,ACE 머니마켓액티브,104930,2,10,0.01,104929.0,0.8312,25216,2645,9783
434730,2,HANARO 원자력iSelect,74450,5,-500,-0.67,74821.0,4.0798,715384,52529,9641
476550,6,TIGER 미국30년국채커버드콜액티브(H),7195,2,55,0.77,7199.0,-4.5579,2388723,17169,9577
0195S0,2,TIGER SK하이닉스단일종목레버리지,25370,2,635,2.57,25687.0,,64760791,1660170,9476
449180,4,KODEX 미국S&P500(H),16995,2,150,0.89,16963.0,8.7371,563638,9563,9322
479080,6,1Q 머니마켓액티브,53300,3,0,0.0,53302.0,0.7656,53623,2858,9256
252670,3,KODEX 200선물인버스2X,84,5,-7,-7.69,84.0,-61.7648,7891929092,679098,9123
495850,1,KODEX 코리아밸류업,38990,2,905,2.38,39211.0,38.1842,750351,29163,9085
402970,4,ACE 미국배당다우존스,15830,2,10,0.06,15828.0,9.9179,305215,4824,8944
114800,3,KODEX 인버스,971,5,-40,-3.96,969.0,-34.5208,545744054,535228,8795
364980,2,TIGER 2차전지TOP10,13380,2,225,1.71,13441.0,11.2944,6887260,90917,8757
153130,6,KODEX 단기채권,113275,3,0,0.0,113275.0,0.4687,14168,1604,8675
494300,4,KODEX 미국나스닥100데일리커버드콜OTM,10980,2,100,0.92,11010.0,19.664,1499602,16413,8652
481060,6,KODEX 미국30년국채타겟커버드콜(합성 H),7795,2,50,0.65,7834.0,-4.7691,877179,6848,8582
385560,6,RISE KIS국고채30년Enhanced,58330,2,1550,2.73,58006.0,-15.3442,154844,8978,8482
466940,2,TIGER 은행고배당플러스TOP10,24280,5,-240,-0.98,24408.0,-9.3834,1289461,31369,8425
463250,2,TIGER K방산&우주,43185,5,-1265,-2.85,43153.0,2.3201,1354802,59278,8399
0091P0,2,TIGER 코리아원자력,21040,2,15,0.07,21220.0,4.5025,3557737,73896,8342
491010,4,TIGER 글로벌AI전력인프라액티브,34090,2,865,2.6,34055.0,40.249,302605,10235,8291
0101N0,2,RISE AI전력인프라,24000,5,-660,-2.68,23986.0,38.6172,2021343,48172,8256
438100,7,ACE 미국나스닥100미국채혼합50액티브,16705,2,145,0.88,16710.0,14.7609,936729,15682,8252
371160,4,TIGER 차이나항셍테크,8105,2,75,0.93,8134.0,-0.9154,1821832,14787,8227
367760,2,RISE 네트워크인프라,88015,2,7385,9.16,87570.0,125.2561,2813969,240562,8185
0148J0,2,TIGER 코리아휴머노이드로봇산업,13845,2,1125,8.84,13730.0,-14.1121,9575144,127904,8162
462010,2,TIGER 2차전지소재Fn,7290,2,5,0.07,7337.0,-7.0809,4925835,35512,8019
444200,2,SOL 코리아메가테크액티브,60530,2,1645,2.79,60317.0,24.6948,400315,23942,7869
0167Z0,4,KODEX 미국우주항공,15030,2,135,0.91,15403.0,,7579961,114777,7868
494670,2,TIGER 조선TOP10,29780,5,-345,-1.15,29907.0,-1.9469,1862077,55539,7847
272580,6,TIGER 단기채권액티브,56685,2,10,0.02,56686.0,0.6124,95512,5414,7841
295040,1,SOL 200TR,50580,2,2000,4.12,50533.0,38.3454,122879,6160,7739
0061Z0,6,RISE 단기특수은행채액티브,50620,3,0,0.0,50618.0,0.6762,769,38,7663
0167B0,2,SOL 200타겟위클리커버드콜,15135,2,475,3.24,15222.0,,3373771,50765,7537
315960,2,RISE 대형고배당10TR,96830,2,3105,3.31,97188.0,42.3526,279723,26885,7311
0131V0,4,1Q 미국우주항공테크,16645,2,700,4.39,16721.0,29.0573,2882233,47971,7307
458760,4,TIGER 미국배당다우존스타겟커버드콜2호,11515,2,35,0.3,11506.0,7.3185,477600,5485,7283
251600,7,PLUS 고배당주채권혼합,15690,2,75,0.48,15786.0,-4.8135,986664,15411,7280
498410,2,KODEX 금융고배당TOP10타겟위클리커버드콜,11380,5,-140,-1.22,11426.0,-12.9642,1880154,21316,7204
0127P0,4,ACE 미국대형성장주액티브,11750,2,195,1.69,11731.0,21.0581,59945,701,7197
490590,4,RISE 미국AI밸류체인데일리고정커버드콜,16950,2,565,3.45,16823.0,41.3551,1130958,19069,7153
0177R0,2,TIGER 반도체TOP10커버드콜액티브,15340,2,340,2.27,15375.0,,3222608,49225,7148
0025N0,7,TIGER TDF2045 적격,12695,2,75,0.59,12676.0,10.9938,538122,6812,7141
0015B0,4,KoAct 미국나스닥성장기업액티브,24375,2,860,3.66,24237.0,48.3128,840796,20376,7008
314250,4,KODEX 미국빅테크10(H),61000,2,1115,1.86,61001.0,21.3919,141016,8614,6991
0048J0,6,KODEX 미국머니마켓액티브,15060,2,40,0.27,15072.0,5.2945,477024,7159,6852
455030,6,KODEX 미국달러SOFR금리액티브(합성),12925,2,45,0.35,12940.0,5.1486,114018,1467,6811
293180,1,HANARO 200,135760,2,5475,4.2,135362.0,38.6704,147871,19860,6788
0195R0,2,TIGER 삼성전자단일종목레버리지,22500,2,2515,12.58,22422.0,,45163656,988445,6716
456610,6,TIGER 미국달러SOFR금리액티브(합성),64730,2,160,0.25,64812.0,5.3773,52586,3393,6618
484790,6,KODEX 미국30년국채액티브(H),8570,2,80,0.94,8576.0,-5.4064,1087988,9324,6614
0163Y0,1,KoAct 코스닥액티브,12015,5,-395,-3.18,12070.0,,2790048,33475,6512
496080,1,TIGER 코리아밸류업,39025,2,855,2.24,39223.0,38.1955,620708,24111,6459
091180,2,KODEX 자동차,41120,2,2420,6.25,41001.0,0.3606,3367440,136732,6435
434060,7,KODEX TDF2050액티브 적격,18550,2,95,0.51,18510.0,11.6345,312003,5780,6353
0023A0,4,SOL 미국양자컴퓨팅TOP10,38940,2,2935,8.15,38673.0,53.2406,1042311,40098,6308
482730,4,TIGER 미국S&P500타겟데일리커버드콜,12980,2,170,1.33,12950.0,13.7223,594927,7696,6308
471230,6,KODEX 국고채10년액티브,104825,2,615,0.59,104746.0,-4.377,14714,1542,6297
0105E0,2,SOL 코리아고배당,13625,2,20,0.15,13667.0,-5.6958,1419990,19254,6145
365780,6,ACE 국고채10년,83235,2,490,0.59,83087.0,-4.1971,17695,1472,6124
449190,4,KODEX 미국나스닥100(H),22890,2,295,1.31,22872.0,19.0625,278553,6365,6123
361580,1,RISE 200TR,76570,2,2700,3.66,76721.0,38.762,167997,12769,5972
466950,4,TIGER 글로벌AI액티브,41255,2,1695,4.28,40822.0,58.0819,273828,11190,5871
438330,6,TIGER 우량회사채액티브,114815,2,140,0.12,114776.0,-1.1295,20351,2336,5841
0173Y0,4,KODEX 미국AI광통신네트워크,14705,5,-20,-0.14,14629.0,,2640765,38513,5808
0007F0,6,KODEX 27-12 회사채(AA-이상)액티브,10115,3,0,0.0,10115.0,-0.1974,11825,119,5784
483280,4,KODEX 미국AI테크TOP10타겟커버드콜,13690,2,280,2.09,13673.0,19.3008,714854,9720,5736
447770,7,TIGER 테슬라채권혼합Fn,14970,2,115,0.77,15017.0,1.9304,536719,8020,5734
329750,6,TIGER 미국달러단기채권액티브,14125,2,45,0.32,14145.0,5.3892,288331,4053,5673
290130,2,RISE ESG사회책임투자,58730,2,2030,3.58,58910.0,50.5177,806378,47066,5638
114260,6,KODEX 국고채3년,61390,2,110,0.18,61355.0,-1.1613,64401,3953,5611
091170,2,KODEX 은행,14515,2,25,0.17,14560.0,-9.5038,838891,12182,5610
123320,3,TIGER 레버리지,204505,2,14650,7.72,205076.0,72.9098,273335,54978,5522
462900,2,KoAct 바이오헬스케어액티브,19015,5,-460,-2.36,19051.0,-20.8334,2233328,42085,5486
489250,4,KODEX 미국배당다우존스,13400,2,10,0.07,13404.0,9.6005,645419,8634,5481
451000,6,PLUS 종합채권(AA-이상)액티브,108510,2,235,0.22,108552.0,-2.9534,56,6,5478
277630,1,TIGER 코스피,88090,2,2760,3.23,88421.0,31.2168,82165,7187,5462
473290,6,KODEX 26-12 회사채(AA-이상)액티브,10810,2,15,0.14,10808.0,0.2786,58335,630,5437
251350,4,KODEX MSCI선진국,41925,2,605,1.46,41809.0,10.9824,60228,2504,5387
0080G0,2,KODEX 방산TOP10,13020,5,-380,-2.84,13098.0,-1.18,3540886,46764,5377
469070,2,RISE AI&로봇,16270,2,1185,7.86,16086.0,-14.4793,1791561,28350,5320
385720,1,TIME 코스피액티브,33210,2,1200,3.75,33208.0,38.0336,493699,16173,5247
458250,6,TIGER 미국30년국채스트립액티브(합성 H),36630,2,710,1.98,36810.0,-9.4074,211165,7728,5188
466930,2,SOL 자동차TOP3플러스,41465,2,4710,12.81,41037.0,41.9377,3349590,133588,5183
471990,2,KODEX AI반도체핵심장비,30730,2,1070,3.61,30668.0,13.451,2010422,60322,5163
474220,4,TIGER 미국테크TOP10타겟커버드콜,16905,2,250,1.5,16889.0,15.9305,309147,5197,5131
448290,4,TIGER 미국S&P500(H),17635,2,150,0.86,17612.0,8.8626,130124,2291,5123
476800,7,KODEX 한국부동산리츠인프라,4395,5,-95,-2.12,4446.0,-7.2897,1522600,6741,5094
385510,2,KODEX 신재생에너지액티브,50870,5,-780,-1.51,50874.0,22.386,360881,18223,5087
451060,1,1Q 200액티브,43470,2,1610,3.85,43531.0,38.0209,322102,13890,5021
418660,4,TIGER 미국나스닥100레버리지(합성),51395,2,1620,3.25,51329.0,52.2636,195890,9957,4805
480260,6,TIGER 27-04회사채(A+이상)액티브,53450,2,10,0.02,53463.0,0.1217,18340,980,4742
499660,7,TIGER CD금리플러스액티브(합성),1000325,2,75,0.01,1000324.0,0.699,18757,18763,4606
491620,4,RISE 미국테크100데일리고정커버드콜,12235,2,185,1.54,12224.0,24.6028,1165957,14198,4594
490490,7,SOL 미국배당미국채혼합50,11865,2,45,0.38,11866.0,5.5689,296686,3510,4532
270810,1,RISE 코스닥150,18610,5,-410,-2.16,18634.0,-9.0374,600735,11142,4399
0052D0,2,TIGER 코리아배당다우존스,16415,2,295,1.83,16481.0,-7.4395,589746,9573,4366
0190C0,2,RISE 현대차고정피지컬AI,14600,2,1745,13.57,14346.0,,15043263,210454,4292
307520,2,TIGER 지주회사,26305,2,885,3.48,26458.0,12.7484,808437,20889,4182
0016X0,6,SOL 중단기회사채(A-이상)액티브,51035,3,0,0.0,51035.0,0.1963,15979,815,4141
385550,6,RISE 단기채권알파액티브,113290,2,40,0.04,113288.0,0.5772,4522,512,4136
435420,7,TIGER 미국나스닥100채권혼합50,14840,2,100,0.68,14842.0,9.9,397350,5885,4081
310960,1,TIGER 200TR,78215,2,2445,3.23,78742.0,37.1775,73071,5699,4067
157500,2,TIGER 증권,17785,5,-200,-1.11,17852.0,-10.075,1574997,27863,4016
148070,6,KIWOOM 국고채10년,105440,2,580,0.55,105306.0,-4.1587,11122,1172,4001
132030,5,KODEX 골드선물(H),25535,2,745,3.01,25580.0,-16.5039,132307,3369,3983
0162Y0,1,TIME 코스닥액티브,10570,5,-295,-2.72,10624.0,,1997085,21158,3958
478150,4,TIME 글로벌우주테크&방산액티브,25375,2,405,1.62,25422.0,11.2993,259500,6556,3946
0144L0,4,KODEX 미국성장커버드콜액티브,10845,2,160,1.5,10865.0,18.9155,343283,3702,3942
0040Y0,7,SOL 팔란티어커버드콜OTM채권혼합,8610,2,110,1.29,8665.0,2.5064,601480,5180,3939
267770,3,TIGER 200선물레버리지,156625,2,11195,7.7,157517.0,72.239,166161,25807,3916
396520,4,TIGER 차이나반도체FACTSET,15835,5,-950,-5.66,16013.0,48.6713,1517893,24864,3914
0019K0,7,TIME 미국나스닥100채권혼합50액티브,14500,2,255,1.79,14434.0,20.516,1151293,16639,3908
477050,6,PLUS 머니마켓액티브,53055,2,10,0.02,53056.0,0.7406,20424,1083,3902
495230,1,KoAct 코리아밸류업액티브,39085,2,860,2.25,39128.0,36.9883,349313,13554,3889
279530,2,KODEX 고배당주,17835,2,195,1.11,17846.0,-7.0743,825240,14545,3888
0060H0,1,TIGER 토탈월드스탁액티브,13690,2,155,1.15,13689.0,10.8336,129087,1756,3888
139230,2,TIGER 200 중공업,17830,2,125,0.71,17744.0,2.6972,788595,13860,3866
448300,4,TIGER 미국나스닥100(H),23630,2,310,1.33,23605.0,19.0585,117609,2774,3852
453810,4,KODEX 인도Nifty50,12625,2,225,1.81,12760.0,-8.3745,299091,3757,3844
454780,6,KIWOOM 종합채권(AA-이상)액티브,100880,2,410,0.41,100834.0,-3.0494,17,1,3828
213610,2,KODEX 삼성그룹밸류,26580,2,1580,6.32,26656.0,32.7837,139576,3657,3801
433500,2,ACE 원자력TOP10,73055,2,145,0.2,73275.0,4.8119,193634,13924,3799
0046A0,6,TIGER 미국초단기(3개월이하)국채,10415,2,30,0.29,10411.0,5.076,871407,9040,3717
0053L0,4,TIGER 차이나휴머노이드로봇,13155,5,-445,-3.27,13290.0,2.7249,1428158,19133,3716
448630,7,RISE 삼성그룹Top3채권혼합,15595,2,195,1.27,15688.0,7.9166,464361,7228,3712
0043Y0,4,TIME 차이나AI테크액티브,25630,2,575,2.29,25563.0,58.1755,1660626,42222,3678
426020,4,TIME 미국S&P500액티브,35760,2,810,2.32,35579.0,20.4756,193335,6881,3669
453870,4,TIGER 인도니프티50,12465,2,215,1.76,12603.0,-7.506,371219,4606,3652
472170,7,TIGER 미국테크TOP10채권혼합,14775,2,100,0.68,14801.0,8.9053,302187,4453,3642
456880,7,ACE 미국달러SOFR금리(합성),13120,2,50,0.38,13119.0,5.2758,107198,1400,3639
483320,4,ACE 엔비디아밸류체인액티브,29225,2,900,3.18,29122.0,59.1739,300743,8738,3639
0098F0,2,KODEX 원자력SMR,19565,2,195,1.01,19691.0,-1.5495,1962407,37856,3620
388420,2,RISE 비메모리반도체액티브,38325,2,1400,3.79,38375.0,60.7181,331494,12593,3603
439870,6,KODEX 국고채30년액티브,95530,2,1845,1.97,95392.0,-11.8218,21478,2042,3584
439860,6,KODEX ESG종합채권(A-이상)액티브,113185,2,135,0.12,113151.0,-1.0331,1045,118,3576
474590,2,WON 반도체밸류체인액티브,52090,2,1105,2.17,52313.0,64.9733,423154,21941,3568
241180,4,TIGER 일본니케이225,37960,2,1240,3.38,37831.0,11.8489,420840,15879,3485
473330,6,SOL 미국30년국채커버드콜(합성),9015,5,-25,-0.28,9157.0,-0.0562,233190,2103,3462
441680,7,TIGER 미국나스닥100커버드콜(합성),11595,3,0,0.0,11693.0,11.1912,134051,1550,3461
0038A0,4,KODEX 미국휴머노이드로봇,19035,2,440,2.37,19041.0,17.498,282426,5344,3426
461490,7,RISE 글로벌자산배분액티브,15230,2,130,0.86,15267.0,0.633,316803,4812,3419
484880,2,SOL 금융지주플러스고배당,20520,5,-200,-0.97,20641.0,-8.2185,567905,11664,3417
475080,7,KODEX 테슬라커버드콜채권혼합액티브,8680,2,45,0.52,8724.0,4.2788,415230,3594,3416
481190,4,SOL 미국테크TOP10,18990,2,310,1.66,18979.0,20.3681,417972,7903,3409
483340,4,ACE 구글밸류체인액티브,27960,2,620,2.27,27930.0,56.7211,461897,12904,3383
421320,2,PLUS 우주항공,42680,5,-2275,-5.06,42845.0,3.189,537418,23317,3350
485540,4,KODEX 미국AI테크TOP10,17300,2,425,2.52,17261.0,22.0434,676054,11632,3348
489030,2,PLUS 고배당주위클리커버드콜,7010,5,-55,-0.78,7056.0,-22.6064,1457747,10155,3274
463050,2,TIME K바이오액티브,15950,5,-580,-3.51,16113.0,-21.9363,918877,14636,3270
394670,4,TIGER 글로벌리튬&2차전지SOLACTIVE(합성),14410,2,140,0.98,14541.0,19.1649,121125,1741,3268
442320,4,RISE 글로벌원자력,45430,2,460,1.02,45663.0,-0.5419,106430,4804,3239
245710,4,ACE 베트남VN30(합성),32005,2,120,0.38,32435.0,-0.141,69027,2193,3233
471040,4,KoAct 글로벌AI&로봇액티브,37580,2,1580,4.39,37402.0,46.6992,383938,14310,3232
283580,4,KODEX 차이나CSI300,17495,5,-15,-0.09,17537.0,10.3931,153193,2682,3219
364970,2,TIGER 바이오TOP10,7530,5,-60,-0.79,7570.0,-19.114,2003198,15069,3181
422420,2,RISE 2차전지액티브,9925,2,20,0.2,9926.0,3.663,623053,6116,3172
486450,4,SOL 미국AI전력인프라,25100,2,235,0.95,25141.0,17.4656,123883,3102,3125
433330,4,SOL 미국S&P500,23625,2,245,1.05,23602.0,14.0635,67649,1591,3119
0026S0,4,1Q 미국S&P500,13860,2,155,1.13,13841.0,14.159,202433,2792,3105
271050,5,KODEX WTI원유선물인버스(H),2110,2,85,4.2,2118.0,-45.5646,8244062,17275,3093
472920,6,HK 종합채권(AA-이상)액티브,99065,2,115,0.12,99206.0,-2.8903,10,0,3080
0094K0,6,TIGER 28-04 회사채(A+이상)액티브,98890,2,70,0.07,98849.0,-0.7981,5861,579,3070
476760,6,ACE 미국30년국채액티브,10115,2,120,1.2,10121.0,-0.7395,462336,4662,3065
0190G0,2,KODEX 반도체타겟위클리커버드콜,11190,5,-45,-0.4,11258.0,,3593591,40263,3044
472870,6,RISE 미국30년국채엔화노출(합성 H),7810,2,55,0.71,7910.0,-4.3525,733428,5724,3038
471780,2,TIGER 코리아테크액티브,46850,2,2055,4.59,46686.0,68.459,345500,15921,2994
495060,1,TIME 코리아밸류업액티브,38715,2,1570,4.23,38642.0,43.75,358148,13656,2962
472160,4,TIGER 미국테크TOP10 INDXX(H),19675,2,250,1.29,19687.0,14.5341,383144,7530,2951
363570,6,KODEX 장기종합채권(AA-이상)액티브,89555,2,825,0.93,89605.0,-6.6934,728,65,2939
498270,4,KIWOOM 미국양자컴퓨팅,18600,2,1160,6.65,18431.0,40.9714,360306,6631,2939
302450,1,RISE 코스피,87435,2,2435,2.86,87929.0,31.7146,7532,656,2929
0180V0,4,ACE 미국우주테크액티브,14945,2,200,1.36,15113.0,,2411205,36082,2922
196230,6,RISE 단기통안채,116195,2,25,0.02,116210.0,0.5191,2969,344,2897
0047A0,4,TIGER 차이나테크TOP10,15830,2,100,0.64,15839.0,39.3885,251699,4012,2857
0052S0,7,1Q 미국S&P500미국채혼합50액티브,12525,2,90,0.72,12541.0,9.8331,214590,2679,2856
493810,4,TIGER 미국AI빅테크10타겟데일리커버드콜,13210,2,240,1.85,13185.0,19.1377,282054,3702,2801
0151P0,2,RISE 코리아전략산업액티브,19690,2,420,2.18,19746.0,32.7134,635584,12427,2786
409820,4,KODEX 미국나스닥100레버리지(합성 H),21650,2,595,2.83,21603.0,39.9468,189213,4082,2782
437080,6,KODEX 미국종합채권ESG액티브(H),99090,2,350,0.35,99175.0,-1.7516,28851,2857,2779
273140,6,KODEX 단기변동금리부채권액티브,114740,2,20,0.02,114740.0,0.5855,7797,894,2750
332930,1,HANARO 200TR,177125,2,7200,4.24,176957.0,38.3303,5767,1013,2745
332500,1,ACE 200TR,91105,2,3665,4.19,90822.0,38.7275,687132,61805,2733
458260,6,TIGER 미국투자등급회사채액티브(H),47715,2,265,0.56,47724.0,-1.9864,20948,1000,2725
412570,2,TIGER 2차전지TOP10레버리지,2490,2,85,3.53,2503.0,12.9107,12855322,31144,2707
473460,4,KODEX 미국서학개미,28435,2,840,3.04,28425.0,27.0718,73418,2073,2701
0111P0,7,1Q 미국나스닥100미국채혼합50액티브,11920,2,110,0.93,11915.0,15.4245,304676,3614,2658
302190,6,TIGER 중장기국채,50135,2,180,0.36,50091.0,-2.6598,34543,1731,2647
0104N0,2,TIGER 200타겟위클리커버드콜,26430,2,855,3.34,26477.0,38.3285,381208,10007,2643
244580,2,KODEX 바이오,11020,5,-325,-2.86,11051.0,-19.7383,952655,10496,2636
442570,7,RISE TDF2050액티브 적격,18930,2,210,1.12,18822.0,14.6707,233696,4409,2622
414780,4,TIGER 차이나과창판STAR50(합성),15940,5,-805,-4.81,16118.0,30.8203,801501,13134,2606
266160,2,RISE 고배당,38535,2,845,2.24,38674.0,16.3098,64854,2489,2563
448540,7,ACE 엔비디아채권혼합,26875,2,175,0.66,26843.0,6.5655,105303,2823,2553
190620,6,ACE 단기통안채,101300,2,5,0.0,101305.0,0.5309,6995,708,2547
488980,6,SOL 26-12 회사채(AA-이상)액티브,51735,5,-5,-0.01,51743.0,0.681,168,8,2545
228790,2,TIGER 화장품,3490,5,-60,-1.69,3500.0,-3.4568,2066758,7151,2532
423170,4,SOL 글로벌AI반도체탑픽액티브,68280,2,1210,1.8,67997.0,55.8485,238724,16188,2526
0151S0,4,KODEX 미국AI반도체TOP3플러스,17825,2,550,3.18,17658.0,63.5479,1925254,34003,2522
461950,2,KODEX 2차전지핵심소재10,7360,2,80,1.1,7361.0,-3.584,1646819,11900,2506
497880,6,SOL CD금리&머니마켓액티브,50015,5,-15,-0.03,50018.0,0.8323,165561,8280,2497
363580,2,KODEX 200IT TR,75365,2,6390,9.26,73848.0,84.87,322408,23433,2487
329650,7,KODEX TRF3070,14585,2,70,0.48,14625.0,2.1742,84439,1227,2479
490090,4,TIGER 미국AI빅테크10,17605,2,305,1.76,17598.0,20.3897,157212,2753,2456
0005G0,2,IBK K-AI반도체코어테크,75230,2,6720,9.81,74877.0,111.1904,335185,24550,2445
0051G0,4,SOL 미국원자력SMR,16650,2,300,1.83,16701.0,-2.6574,231993,3843,2406
117700,2,KODEX 건설,8010,2,120,1.52,8063.0,13.6194,3808206,30036,2395
0008S0,4,TIGER 미국배당다우존스타겟데일리커버드콜,10580,2,5,0.05,10578.0,9.0509,310596,3282,2391
305080,6,TIGER 미국채10년선물,13540,2,80,0.59,13544.0,1.4318,94707,1278,2383
494220,2,UNICORN SK하이닉스밸류체인액티브,53995,2,20,0.04,54120.0,57.1553,719960,38600,2376
463290,6,1Q 단기금융채액티브,108410,2,5,0.0,108415.0,0.6405,3278,355,2364
261260,7,KODEX 미국달러선물인버스2X,4525,5,-15,-0.33,4523.0,-9.6518,675326,3076,2363
0089D0,2,KODEX 금융고배당TOP10,12690,2,45,0.36,12733.0,-7.9781,539883,6831,2322
495550,1,SOL 코리아밸류업TR,39940,2,1050,2.7,40007.0,38.1527,112862,4479,2297
0092C0,6,SOL 27-12 회사채(AA-이상)액티브,49890,5,-5,-0.01,49889.0,0.0902,2078,103,2285
476450,6,KIWOOM 머니마켓액티브,52355,2,5,0.01,52360.0,0.7118,28026,1467,2283
0115D0,2,KODEX 조선TOP10,10325,5,-175,-1.67,10380.0,-0.7299,2626823,27176,2282
0048K0,4,KODEX 차이나휴머노이드로봇,10910,5,-635,-5.5,10944.0,3.1513,1294280,14450,2258
0064K0,5,KODEX 금액티브,14205,2,455,3.31,14284.0,-12.1967,213858,3021,2251
0182R0,2,1Q K반도체TOP2+,14705,2,230,1.59,14788.0,,1532940,22519,2250
0005D0,2,SOL 전고체배터리&실리콘음극재,22685,5,-75,-0.33,22622.0,10.8621,1241269,27830,2234
491610,6,1Q CD금리액티브(합성),104090,2,10,0.01,104327.0,0.6576,3595,374,2220
491820,2,HANARO 전력설비투자,56510,5,-1890,-3.24,56858.0,39.4029,473498,26581,2204
0040X0,7,SOL 팔란티어미국채커버드콜혼합,10045,2,345,3.56,10043.0,1.459,976961,9771,2190
0093A0,2,RISE AI반도체TOP10,38635,5,-320,-0.82,38792.0,24.7502,317610,12286,2183
496020,6,WON 전단채플러스액티브,51985,2,5,0.01,51983.0,0.795,3776,196,2177
403790,1,MIDAS 코스피액티브,69680,2,2260,3.35,70072.0,29.0581,10420,723,2143
452360,4,SOL 미국배당다우존스(H),12805,5,-5,-0.04,12799.0,4.2256,87708,1123,2126
233160,3,TIGER 코스닥150 레버리지,16040,5,-730,-4.35,16003.0,-26.3828,2021833,32314,2085
200250,4,KIWOOM 인도Nifty50(합성),23115,2,155,0.68,23302.0,-7.5313,30075,692,2080
0000J0,2,PLUS 한화그룹주,35640,5,-705,-1.94,35789.0,-6.2371,215155,7705,2067
0119H0,6,KODEX 28-12 회사채(AA-이상)액티브,9860,5,-5,-0.05,9862.0,-0.8045,16109,158,2065
160580,5,TIGER 구리실물,16900,2,455,2.77,16857.0,4.6785,200360,3381,2053
377990,2,TIGER Fn신재생에너지,33420,5,-700,-2.05,33594.0,31.7374,590916,19692,2039
325010,2,KODEX 성장주,54340,2,1085,2.04,54489.0,45.616,133301,7217,2011
337160,2,KODEX 200ESG,58495,2,2320,4.13,58372.0,46.1506,177689,10275,1989
0153K0,2,KODEX 주주환원고배당주,12000,2,95,0.8,12071.0,-5.2382,447835,5338,1956
461270,6,ACE 26-06 회사채(AA-이상)액티브,11190,5,-5,-0.04,11206.0,0.7197,38518,431,1954
0123G0,4,TIGER 미국AI전력SMR,8680,2,135,1.58,8713.0,12.3602,469616,4047,1944
251340,3,KODEX 코스닥150선물인버스,2080,2,40,1.96,2101.0,-0.4879,39300542,82025,1936
457990,2,PLUS 태양광&ESS,45885,5,-460,-0.99,46016.0,37.7911,497228,22901,1881
480020,4,ACE 미국빅테크7+데일리타겟커버드콜(합성),13715,2,255,1.89,13699.0,18.1862,173268,2360,1879
0074K0,2,KoAct K수출핵심기업TOP30액티브,22090,2,220,1.01,22175.0,26.3796,182126,4011,1856
138520,2,TIGER 삼성그룹,44730,2,2915,6.97,44699.0,48.0152,230195,10091,1852
237370,7,KODEX 코리아배당성장채권혼합,16170,2,150,0.94,16234.0,-1.2821,249143,4004,1843
0122W0,6,RISE 26-11 회사채(AA-이상)액티브,50635,2,5,0.01,50625.0,0.616,7947,402,1840
272560,6,RISE 단기국공채액티브,114080,5,-10,-0.01,114088.0,0.4313,9083,1036,1832
0080Y0,2,SOL 조선TOP3플러스레버리지,18320,5,-580,-3.07,18372.0,-10.786,2103742,38600,1832
0091C0,6,KODEX 미국10년국채액티브(H),9785,2,45,0.46,9779.0,-3.1156,117987,1154,1818
0069M0,4,1Q 미국나스닥100,15105,2,230,1.55,15097.0,24.9966,150563,2264,1813
122090,1,PLUS 코스피50,102175,2,3520,3.57,102313.0,43.9981,73662,7464,1808
480040,4,ACE 미국반도체데일리타겟커버드콜(합성),20550,2,390,1.93,20355.0,49.0489,143009,2917,1808
139220,2,TIGER 200 건설,9280,2,325,3.63,9263.0,13.1361,2454184,22129,1787
471760,2,TIGER AI반도체핵심공정,19600,5,-375,-1.88,19658.0,0.3488,1433732,28132,1784
0162M0,6,KODEX 금융채1~2년(AA-이상)PLUS액티브,10000,2,20,0.2,9988.0,-0.4489,2301,23,1781
143860,2,TIGER 헬스케어,43645,5,-625,-1.41,43883.0,-20.4343,51991,2270,1781
152870,1,파워 200,136660,2,5810,4.44,136238.0,38.3219,21678,2925,1777
354500,1,ACE 코스닥150,18860,5,-400,-2.08,18896.0,-9.0586,498485,9380,1773
458210,7,KIWOOM CD금리액티브(합성),109795,2,10,0.01,109757.0,0.6693,629,69,1771
0005A0,4,KODEX 미국S&P500데일리커버드콜OTM,10525,2,95,0.91,10525.0,14.0303,184806,1942,1768
367770,2,RISE 수소경제테마,31500,2,1175,3.87,31351.0,11.2708,194485,6008,1764
130730,6,KIWOOM 단기자금,102315,5,-5,0.0,102320.0,0.6046,23185,2372,1754
464240,6,KIWOOM 26-09회사채(AA-이상)액티브,52480,2,5,0.01,52499.0,0.6513,87,4,1748
0082V0,7,KODEX TDF2060액티브 적격,12425,2,75,0.61,12383.0,11.7046,239338,2959,1721
304780,3,HANARO 200선물레버리지,228470,2,15615,7.34,230865.0,72.2127,45274,10361,1714
0092B0,2,SOL 한국원자력SMR,19305,2,80,0.42,19413.0,1.1261,489848,9315,1708
252400,3,RISE 200선물레버리지,189615,2,14115,8.04,189988.0,72.7362,8761,1619,1707
0176E0,4,RISE 미국AI전력인프라액티브,12965,2,70,0.54,12974.0,,267664,3451,1698
481180,4,SOL 미국AI소프트웨어,15420,2,815,5.58,15224.0,23.6119,774191,11836,1696
495330,1,1Q 코리아밸류업,38965,2,1055,2.78,39106.0,38.1943,66135,2566,1675
304660,6,KODEX 미국30년국채울트라선물(H),7460,2,60,0.81,7505.0,-5.7325,221919,1657,1671
480030,4,ACE 미국500데일리타겟커버드콜(합성),11585,2,105,0.91,11600.0,14.3259,87484,1010,1668
465610,4,ACE 미국빅테크TOP7 Plus레버리지(합성),51980,2,1770,3.53,52072.0,45.5573,23511,1211,1663
0192Z0,6,TIGER 중기종합채권(A-이상)액티브,100150,2,90,0.09,100145.0,,2000,200,1657
483290,4,KODEX 미국배당다우존스타겟커버드콜,10850,5,-5,-0.05,10847.0,7.2109,349136,3781,1638
455860,2,SOL 2차전지소부장Fn,6680,5,-20,-0.3,6724.0,-6.2374,677131,4467,1637
325020,2,KODEX 배당가치,32660,2,1350,4.31,32673.0,9.9375,269971,8793,1633
192090,4,TIGER 차이나CSI300,14400,2,85,0.59,14395.0,11.2708,146399,2101,1627
433980,7,KODEX TDF2040액티브 적격,16850,2,115,0.69,16830.0,8.7677,111861,1881,1626
0094M0,2,RISE 코리아밸류업위클리고정커버드콜,22560,2,395,1.78,22619.0,31.5376,361224,8120,1624
429000,4,TIGER 미국S&P500배당귀족,13720,2,10,0.07,13730.0,0.1516,112256,1535,1619
0177X0,2,ACE K휴머노이드로봇산업TOP2+,14500,2,800,5.84,14548.0,,1650765,23471,1610
328370,1,PLUS 코스피TR,47415,2,1260,2.73,47681.0,31.6833,8220,389,1588
0168K0,2,TIGER 기술이전바이오액티브,8535,5,-325,-3.67,8581.0,,1850582,15720,1564
451530,6,TIGER 국고채30년스트립액티브,41705,2,1290,3.19,41618.0,-18.014,81571,3383,1563
411420,4,KODEX 미국나스닥AI테크액티브,30970,2,745,2.46,30709.0,35.9899,38179,1175,1549
219480,4,KODEX 미국S&P500선물(H),32805,2,280,0.86,32815.0,8.4889,9651,316,1542
136340,6,RISE 중기우량회사채,104200,2,35,0.03,104233.0,-0.9959,505,52,1529
454320,2,HANARO CAPEX설비투자iSelect,51805,5,-1120,-2.12,51872.0,15.9921,44203,2265,1502
182480,7,TIGER 미국MSCI리츠(합성 H),13680,5,-75,-0.55,13808.0,2.4443,22954,313,1498
401170,2,RISE 메타버스,15240,2,1755,13.01,15190.0,53.0383,4207470,59809,1490
372330,4,KODEX 차이나항셍테크,8085,2,40,0.5,8122.0,-0.6765,362613,2929,1484
0127M0,4,ACE 미국대형가치주액티브,12550,2,110,0.88,12524.0,13.2281,82249,1029,1475
394660,4,TIGER 글로벌자율주행&전기차SOLACTIVE,20965,2,375,1.82,21239.0,30.8132,11685,244,1451
0035T0,7,PLUS 글로벌휴머노이드로봇액티브,26520,2,1275,5.05,26142.0,11.7606,178790,4645,1445
332940,1,HANARO MSCI Korea TR,60150,2,2940,5.14,59830.0,39.1801,1502,89,1444
0183V0,7,KIWOOM 삼성전자&SK하이닉스채권혼합50,13225,2,190,1.46,13251.0,,1366463,18023,1442
448100,1,WON 200,139050,2,5425,4.06,138988.0,37.9415,20810,2863,1425
245340,4,TIGER 미국다우존스30,37065,2,75,0.2,37103.0,7.7396,29621,1095,1408
494330,2,ACE 라이프자산주주가치액티브,32750,2,515,1.6,32742.0,38.2815,54207,1768,1408
464930,4,TIGER 글로벌혁신블루칩TOP10,22795,2,440,1.97,22808.0,19.6094,8297,188,1402
490600,4,RISE 미국배당100데일리고정커버드콜,9660,2,10,0.1,9662.0,9.509,350711,3380,1401
0099L0,6,ACE 우량회사채(AA-이상)액티브,98825,5,-15,-0.02,98841.0,-0.5884,139,13,1389
266370,2,KODEX IT,92270,2,5370,6.18,92070.0,76.5761,111550,10114,1384
464310,4,TIGER 글로벌AI&로보틱스 INDXX,17170,2,250,1.48,17090.0,5.9818,69556,1191,1374
0182S0,7,1Q K반도체TOP2채권혼합50,13725,2,235,1.74,13739.0,,856178,11715,1373
496090,1,KIWOOM 코리아밸류업,39170,2,925,2.42,39219.0,39.1957,229554,8906,1332
114820,6,TIGER 국채3년,104415,2,195,0.19,104430.0,-1.1665,13934,1455,1325
326240,2,RISE IT플러스,57420,2,3010,5.53,57282.0,45.9839,75635,4286,1321
319640,4,TIGER 골드선물(H),26915,2,820,3.14,26965.0,-16.4426,60554,1625,1319
0191W0,6,HANARO 중기종합채권(A-이상)액티브,100170,3,0,0.0,100132.0,,0,0,1317
0036R0,4,RISE 미국휴머노이드로봇,22685,2,490,2.21,22629.0,32.8246,66766,1505,1316
204480,4,TIGER 차이나CSI300레버리지(합성),33890,2,60,0.18,34521.0,19.7946,7856,268,1315
0181L0,4,SOL 미국우주항공TOP10,14190,5,-165,-1.15,14631.0,,1597706,22799,1313
0041E0,4,KODEX 미국S&P500액티브,18360,2,245,1.35,18350.0,27.6296,163824,2996,1304
306950,3,KODEX KRX300레버리지,144500,2,8915,6.58,145244.0,64.4251,6443,913,1301
168580,4,ACE 중국본토CSI300,39400,2,110,0.28,39469.0,9.979,2835,111,1300
359210,1,KODEX 코스피TR,43720,2,1150,2.7,43937.0,31.6123,309094,13432,1268
475050,2,ACE KPOP포커스,8250,5,-240,-2.83,8256.0,-30.461,909387,7420,1266
157490,2,TIGER 소프트웨어,10650,2,1150,12.11,10545.0,-8.6037,3386297,35395,1265
309230,4,ACE 미국WideMoat동일가중,31245,2,380,1.23,31479.0,-0.4419,20466,637,1262
399110,4,SOL 미국S&P500ESG,22140,2,160,0.73,22161.0,12.7322,21616,476,1262
476850,1,KoAct 배당성장액티브,25570,2,485,1.93,25616.0,28.6996,118578,3020,1253
490480,2,SOL K방산,36575,5,-955,-2.54,36723.0,5.1222,152499,5688,1244
447620,7,SOL 미국TOP5채권혼합50,16400,2,95,0.58,16439.0,12.1768,108010,1768,1230
465780,6,마이티 26-09 특수채(AAA)액티브,105655,3,0,0.0,105665.0,0.6286,0,0,1229
0007N0,1,아이엠에셋 200,136025,2,5175,3.95,135624.0,38.7616,800,107,1224
0000Y0,6,HK 26-12 회사채(AA-이상)액티브,101135,3,0,0.0,101154.0,0.6018,20,2,1224
0132K0,7,PLUS 테슬라위클리커버드콜채권혼합,9110,2,50,0.55,9149.0,2.0258,197678,1798,1221
0138Y0,7,PLUS 금채권혼합,10340,2,160,1.57,10342.0,-6.3909,252764,2604,1215
0104H0,7,KoAct 미국나스닥채권혼합50액티브,13300,2,140,1.06,13273.0,19.7452,471117,6273,1210
304940,4,KODEX 미국나스닥100선물(H),33485,2,440,1.33,33442.0,18.7601,9652,322,1205
0131W0,6,1Q 단기특수은행채액티브,101390,2,5,0.0,101396.0,0.6202,53,5,1205
476030,4,SOL 미국나스닥100,19100,2,305,1.62,19074.0,25.0322,81098,1541,1194
261270,7,KODEX 미국달러선물인버스,7420,5,-10,-0.13,7425.0,-4.6214,93385,695,1175
0142D0,4,TIGER 미국AI데이터센터TOP4Plus,14100,2,445,3.26,13898.0,49.2349,423885,5943,1170
488500,4,TIGER 미국S&P500동일가중,13175,2,95,0.73,13217.0,5.9483,51875,681,1166
498180,6,파워 종합채권(AA-이상)액티브,94000,3,0,0.0,94397.0,-3.0429,0,0,1152
469170,2,ACE 포스코그룹포커스,7575,2,95,1.27,7612.0,-4.4001,912494,6827,1144
0066W0,5,SOL 국제금,14400,2,465,3.34,14360.0,-12.0543,156231,2234,1123
491230,6,PLUS 국공채머니마켓액티브,52090,2,10,0.02,52089.0,0.6474,7149,372,1120
108450,2,ACE 삼성그룹섹터가중,48640,2,3010,6.6,48554.0,34.5731,36927,1773,1119
486240,2,DAISHIN343 AI반도체&인프라액티브,34405,2,195,0.57,34640.0,47.0071,14320,490,1101
495710,6,BNK 26-06 특수채(AAA이상)액티브,51685,5,-20,-0.04,51703.0,0.6227,1,0,1088
152500,3,ACE 레버리지,83345,2,5975,7.72,83772.0,72.2778,81176,6658,1083
0135Y0,6,IBK 중기종합채권(AA-이상)액티브,99900,2,180,0.18,99866.0,-0.8945,585,58,1076
495040,1,PLUS 코리아밸류업,38790,2,875,2.31,38932.0,38.1147,13338,516,1067
278240,3,RISE 코스닥150선물레버리지,16345,5,-735,-4.3,16323.0,-25.9485,73561,1201,1066
468380,6,KODEX iShares미국하이일드액티브,12000,2,40,0.33,12007.0,4.9002,89620,1071,1064
195980,4,PLUS 신흥국MSCI(합성 H),15480,2,285,1.88,15752.0,6.1473,26297,407,1053
308620,6,KODEX 미국10년국채선물,12675,2,80,0.64,12681.0,1.409,49916,630,1052
211900,2,KODEX 코리아배당성장,31325,2,825,2.7,31494.0,-1.8501,47279,1457,1049
298770,4,KODEX 한국대만IT프리미어,95105,2,3815,4.18,95111.0,51.5592,110334,10318,1046
0091M0,6,HANARO 27-06 회사채(AA-이상)액티브,10090,5,-5,-0.05,10093.0,0.3479,27,0,1041
0184L0,6,PLUS 중기종합채권(A-이상)액티브,99850,2,55,0.06,99880.0,,17887,1786,1038
114100,6,RISE 국고채3년,106865,2,175,0.16,106882.0,-1.1931,11268,1204,1038
381560,2,HANARO Fn전기&수소차,25145,2,1845,7.92,25204.0,52.0967,70982,1736,1031
438570,6,SOL 국고채10년,99035,2,530,0.54,99021.0,-4.3037,482,47,1027
364960,2,TIGER BBIG,7740,2,165,2.18,7790.0,-4.001,104883,809,1026
292190,1,KODEX KRX300,59630,2,1740,3.01,59920.0,35.4009,11457,682,1014
143850,4,TIGER 미국S&P500선물(H),76960,2,520,0.68,77032.0,8.3563,3403,261,1000
463680,4,KODEX 미국S&P500테크놀로지,24355,5,-170,-0.69,24295.0,40.5951,65545,1585,999
449770,4,KIWOOM 미국S&P500,22655,2,225,1.0,22644.0,14.1273,10293,232,997
0111J0,2,HANARO 증권고배당TOP3플러스,16845,5,-235,-1.38,16930.0,-10.0996,304252,5105,994
412770,4,TIGER 글로벌AI플랫폼액티브,15825,2,225,1.44,15636.0,38.9136,40882,646,994
479620,4,SOL 미국AI반도체칩메이커,30110,2,1050,3.61,29820.0,89.289,171924,5132,994
269540,4,PLUS 미국S&P500(H),30105,2,235,0.79,30071.0,9.8452,9547,287,993
487130,2,KoAct AI인프라액티브,38135,2,435,1.15,38283.0,60.4255,117917,4457,992
485690,4,RISE 미국AI밸류체인TOP3Plus,25035,2,940,3.9,24770.0,44.195,59270,1475,989
0085P0,6,ACE 미국10년국채액티브,10865,2,75,0.7,10880.0,1.7788,214241,2319,978
253250,3,KIWOOM 200선물레버리지,185845,2,14270,8.32,186659.0,71.7553,2174,398,966
0000Z0,2,RISE 바이오TOP10액티브,13110,5,-455,-3.35,13188.0,-25.344,670230,8777,957
441540,2,HANARO Fn조선해운,32975,5,-370,-1.11,33030.0,-0.6116,58801,1935,956
0132H0,4,KODEX 미국원자력SMR,11050,2,300,2.79,11097.0,-2.142,419807,4603,956
434960,1,DAISHIN343 K200,136545,2,5415,4.13,136089.0,38.7866,2342,315,956
465330,2,RISE 2차전지TOP10,15150,5,-30,-0.2,15241.0,5.5918,469039,7011,954
337140,2,KODEX 코스피대형주,45145,2,1600,3.67,45282.0,34.8048,61970,2775,948
0190Y0,4,TIGER 구글밸류체인,10505,2,170,1.64,10498.0,,711439,7413,945
0102A0,4,TIGER 미국AI소프트웨어TOP4Plus,9405,2,770,8.92,9233.0,8.7531,1002596,9355,945
253150,3,PLUS 200선물레버리지,377480,2,26980,7.7,379962.0,71.9728,750,282,944
0174B0,7,KoAct 글로벌AI메모리반도체액티브,17225,2,740,4.49,17206.0,,499991,8493,939
0018C0,2,PLUS 고배당주위클리고정커버드콜,11710,2,65,0.56,11754.0,-15.5905,171090,1985,937
473440,6,ACE 11월만기자동연장회사채AA-이상액티브,10755,3,0,0.0,10764.0,0.7022,7928,85,936
453330,4,RISE 미국S&P500(H),17955,2,150,0.84,17927.0,9.1927,36565,655,934
481430,6,RISE 국고채10년액티브,98940,2,395,0.4,98982.0,-4.1065,1358,134,931
492500,7,1Q 현대차그룹채권(A+이상)&국고통안,51070,2,10,0.02,51060.0,-0.215,7626,389,928
0113D0,4,TIME 글로벌탑픽액티브,12890,2,170,1.34,12876.0,10.5606,72327,925,928
0115E0,2,KODEX 코리아소버린AI,17170,2,1300,8.19,17058.0,10.3384,302030,5143,927
0166S0,2,PLUS K제조업핵심기업액티브,15030,2,490,3.37,15064.0,,275973,4098,924
203780,4,TIGER 미국나스닥바이오,32725,2,560,1.74,32820.0,3.441,16596,540,910
329660,7,KODEX TRF5050,18545,2,95,0.51,18643.0,4.9399,54663,1012,909
329670,7,KODEX TRF7030,23170,2,100,0.43,23270.0,7.3921,33667,780,904
211560,2,TIGER 배당성장,39115,2,1195,3.15,39294.0,-2.3544,29700,1143,904
0098N0,2,PLUS 자사주매입고배당주,12705,5,-5,-0.04,12727.0,-8.2782,166325,2103,902
228810,2,TIGER 미디어컨텐츠,3750,5,-100,-2.6,3779.0,-33.553,380779,1434,899
495750,1,HANARO 코리아밸류업,38955,2,1105,2.92,39098.0,38.0012,5298,205,896
0052T0,6,1Q 중단기회사채(A-이상)액티브,50320,2,30,0.06,50316.0,0.0497,5,0,895
460960,7,ACE 글로벌인컴TOP10,12065,2,40,0.33,12091.0,5.6039,44791,539,893
272910,6,ACE 중장기국공채액티브,105620,2,350,0.33,105660.0,-1.695,150,15,886
0118Z0,4,ACE 미국AI테크핵심산업액티브,10625,2,280,2.71,10645.0,26.3897,304890,3228,882
0049M0,4,ACE 미국배당퀄리티+커버드콜액티브,12240,2,100,0.82,12219.0,8.8811,45602,554,881
491700,1,HK 200,135405,2,5925,4.58,135890.0,37.2763,4923,661,880
475300,2,SOL 반도체전공정,22855,5,-965,-4.05,22807.0,28.2623,502198,11660,880
479730,4,TIGER 인도빌리언컨슈머,10320,2,225,2.23,10443.0,-6.5654,1401339,14324,877
433970,7,KODEX TDF2030액티브 적격,14615,2,75,0.52,14602.0,5.8947,51262,748,877
365040,1,TIGER AI코리아그로스액티브,43665,2,1280,3.02,43829.0,33.3896,26053,1131,873
277640,2,TIGER 코스피대형주,46560,2,1460,3.24,46794.0,34.9758,89461,4142,861
0017Y0,6,1Q 종합채권(AA-이상)액티브,94980,2,395,0.42,95031.0,-3.228,622,59,857
440910,4,WON 미국우주항공방산,29080,2,710,2.5,29535.0,4.2631,116225,3402,843
461460,6,PLUS 국고채10년액티브,51790,2,385,0.75,51806.0,-4.6113,118,6,837
266420,2,KODEX 헬스케어,19860,5,-240,-1.19,19914.0,-20.7101,53233,1054,834
0022T0,4,SOL 국제금커버드콜액티브,14890,2,500,3.47,14829.0,-11.7961,96266,1421,834
210780,2,TIGER 코스피고배당,24175,5,-85,-0.35,24276.0,-7.8936,57164,1375,827
475310,2,SOL 반도체후공정,33300,5,-30,-0.09,33359.0,10.7466,289264,9613,816
401470,2,KODEX 메타버스액티브,11480,2,605,5.56,11551.0,15.1316,226091,2560,815
453080,4,KIWOOM 미국나스닥100(H),23695,2,300,1.28,23668.0,19.2586,14620,345,806
0089C0,4,KODEX 미국S&P500변동성확대시커버드콜,12290,2,160,1.32,12319.0,14.3147,4698,57,805
491220,1,PLUS 200TR,160005,2,5750,3.73,160299.0,38.6312,11318,1795,800
444490,4,WON 미국S&P500,21715,2,255,1.19,21657.0,14.4533,22269,481,793
228800,2,TIGER 여행레저,3010,5,-35,-1.15,3031.0,-15.5949,871573,2627,784
458030,6,WON 국공채머니마켓액티브,54655,2,5,0.01,54654.0,0.7094,382,20,784
476750,6,ACE 미국30년국채엔화노출액티브(H),8460,2,125,1.5,8465.0,-3.953,149788,1262,778
0040S0,4,HANARO 글로벌피지컬AI액티브,30375,2,1390,4.8,29981.0,56.2533,84108,2531,775
0118S0,4,SOL 미국넥스트테크TOP10액티브,15990,2,760,4.99,15801.0,56.674,199746,3183,768
261070,2,TIGER 코스닥150바이오테크,16750,5,-395,-2.3,16821.0,-20.6583,287925,4833,767
473640,4,HANARO 글로벌금채굴기업,33990,2,925,2.8,34036.0,-22.2641,44070,1498,765
0098Z0,1,FOCUS 200,114815,2,3430,3.08,115288.0,38.7374,422,47,746
475280,6,ACE 8월만기자동연장회사채AA-이상액티브,10645,3,0,0.0,10652.0,0.7095,99,1,743
298340,6,PLUS 국채선물3년,55935,2,50,0.09,55980.0,-1.0623,43672,2443,738
480310,4,TIGER 글로벌온디바이스AI,24550,2,860,3.63,24378.0,76.2819,145113,3556,737
445150,2,KODEX 친환경조선해운액티브,35470,5,-710,-1.96,35652.0,-0.2192,41091,1457,727
0000D0,7,TIGER 엔비디아미국채커버드콜밸런스(합성),10180,2,115,1.14,10233.0,5.5398,84531,857,718
469060,4,RISE 미국반도체NYSE,41505,2,1350,3.36,41187.0,63.9022,68300,2810,706
0057H0,7,PLUS 미국S&P500미국채혼합50액티브,12575,2,70,0.56,12598.0,9.8222,72557,908,692
461500,6,HANARO 종합채권(AA-이상)액티브,106095,2,610,0.58,106161.0,-3.0246,7609,807,690
0141S0,2,SOL 조선기자재,10945,5,-455,-3.99,10982.0,-0.2846,371634,4091,690
440640,6,ACE 단기채권알파액티브,111735,2,5,0.0,111744.0,0.7075,1561,174,685
275980,4,TIGER 글로벌4차산업혁신기술(합성 H),24400,2,370,1.54,24721.0,13.0025,13975,340,683
0172V0,5,1Q 은액티브,10715,2,415,4.03,10679.0,,326340,3484,680
495940,4,RISE 미국AI테크액티브,23730,2,675,2.93,23559.0,53.0876,24378,575,676
486830,6,HANARO 머니마켓액티브,52855,2,5,0.01,52857.0,0.7434,10448,552,675
475350,4,RISE 버크셔포트폴리오TOP10,14995,5,-125,-0.83,15063.0,6.6666,59538,890,675
0021E0,7,ACE TDF2050액티브 적격,13195,2,105,0.8,13236.0,2.5058,39283,517,673
0197W0,2,SOL SK하이닉스단일종목레버리지,25330,2,585,2.36,25680.0,,1764935,45348,671
0162L0,4,KODEX 차이나AI반도체TOP10,16535,5,-565,-3.3,16563.0,68.1295,2848795,48086,670
0041D0,4,KODEX 미국AI소프트웨어TOP10,14135,2,915,6.92,13953.0,11.89,367837,5154,664
428510,4,KODEX 차이나AI테크액티브,31490,2,105,0.33,31671.0,52.2702,53927,1707,661
456680,4,TIGER 차이나전기차레버리지(합성),11125,5,-160,-1.42,11344.0,20.3091,6591,74,660
0080X0,7,SOL 미국S&P500미국채혼합50,11990,2,80,0.67,11974.0,8.0621,54189,646,659
458750,4,TIGER 미국배당다우존스타겟커버드콜1호,13585,5,-5,-0.04,13596.0,8.8954,62640,850,659
0181B0,4,HANARO 미국AI메모리반도체TOP4+,11380,2,340,3.08,11254.0,,1076133,12166,654
0008T0,2,SOL 화장품TOP3플러스,14180,5,-170,-1.18,14234.0,-0.4905,584440,8220,652
419890,6,KIWOOM 단기채권ESG액티브,106825,2,20,0.02,106826.0,0.1265,4268,455,652
455660,6,ACE 미국하이일드액티브(H),9555,2,25,0.26,9546.0,-0.4574,35615,340,650
0100K0,2,KODEX 방산TOP10레버리지,11900,5,-560,-4.49,11866.0,-14.1282,530083,6359,643
400970,2,TIGER Fn메타버스,10610,2,1005,10.46,10673.0,11.5445,431243,4436,642
261240,7,KODEX 미국달러선물,15460,2,55,0.36,15453.0,5.1894,79637,1225,634
0020H0,4,KoAct 글로벌양자컴퓨팅액티브,31460,2,2385,8.2,31175.0,50.2583,173266,5438,629
433880,7,PLUS TDF2060액티브 적격,20235,2,200,1.0,20168.0,14.4699,55793,1124,627
275300,2,KODEX 우량주,36650,2,1350,3.82,36682.0,44.145,25593,929,623
0123S0,2,HANARO 26-12 은행채(AA+이상)액티브,10120,2,5,0.05,10117.0,0.4967,5723,57,622
0068M0,4,KODEX 미국S&P500버퍼6월액티브,12295,5,-15,-0.12,12633.0,7.4639,1102,13,615
385590,2,ACE ESG액티브,27925,2,1110,4.14,28039.0,34.243,2736,76,614
473590,4,ACE 미국주식베스트셀러,25050,2,690,2.83,24975.0,28.1767,15138,376,614
461340,4,HANARO 글로벌생성형AI액티브,49095,2,1660,3.5,48857.0,56.249,6974,339,614
455960,6,RISE 미국달러SOFR금리액티브(합성),13040,2,15,0.12,13095.0,5.6366,11952,155,609
0193L0,2,PLUS 삼성전자선물단일종목인버스2X,17100,5,-2705,-13.66,17316.0,,10296856,183462,609
256750,4,KODEX 차이나심천ChiNext(합성),19860,5,-355,-1.76,19894.0,32.1241,44768,900,607
278620,6,PLUS 단기채권액티브,118115,5,-45,-0.04,118121.0,0.2885,585,69,602
475070,4,KoAct 글로벌친환경전력인프라액티브,41535,5,-30,-0.07,41996.0,34.7544,19386,805,602
453640,4,KODEX 미국S&P500헬스케어,13680,2,215,1.6,13738.0,-0.6776,60983,831,602
494840,4,TIGER 미국방산TOP10,13820,2,220,1.62,13882.0,-7.7992,92594,1276,601
150460,2,TIGER 중국소비테마,7365,5,-85,-1.14,7394.0,-6.6671,38678,284,601
488720,7,WON 종합채권(AA-이상)액티브,49155,2,190,0.39,49125.0,-2.7991,310,15,600
138530,2,TIGER LG그룹플러스,17000,2,3090,22.21,16147.0,27.9082,5802930,91194,598
140950,1,파워 코스피100,106590,2,4560,4.47,106488.0,39.8526,4084,430,597
336160,6,RISE 금융채액티브,100420,2,15,0.01,100445.0,-0.8439,36,3,596
0086B0,2,TIGER 리츠부동산인프라TOP10액티브,9920,5,-175,-1.73,9975.0,-6.1689,52038,517,595
114470,6,KIWOOM 국고채3년,108145,2,195,0.18,108123.0,-1.1841,3625,392,595
438560,6,SOL 국고채3년,99720,2,120,0.12,99760.0,-1.1071,544,54,593
0137V0,4,KIWOOM 미국S&P500모멘텀,12735,2,200,1.6,12662.0,30.6757,75328,953,592
448570,1,FOCUS AI코리아액티브,35585,2,1170,3.4,35678.0,19.116,1474,52,587
225040,4,TIGER 미국S&P500레버리지(합성 H),66745,2,1030,1.57,66635.0,17.1703,9106,606,574
453950,4,TIGER TSMC파운드리밸류체인,35770,2,65,0.18,35749.0,25.5901,17234,615,572
0139P0,2,ACE 고배당주,13785,5,-50,-0.36,13842.0,-7.9774,225100,3092,572
140700,2,KODEX 보험,18425,2,445,2.47,18537.0,11.5446,99552,1803,571
375770,2,KODEX 탄소효율그린뉴딜,29955,2,890,3.06,30116.0,31.0213,4114,122,569
0067V0,4,TIGER 차이나글로벌리더스TOP3+,11560,5,-15,-0.13,11879.0,5.6113,16080,185,566
261220,5,KODEX WTI원유선물(H),23705,5,-1110,-4.47,23737.0,61.7666,308307,7358,563
0046Y0,4,ACE 미국배당퀄리티,13420,2,70,0.52,13445.0,9.4151,19661,262,557
415920,5,PLUS 글로벌희토류&전략자원생산기업,10200,2,220,2.2,10193.0,2.5015,164752,1674,556
101280,4,KODEX 일본TOPIX100,31640,2,705,2.28,31645.0,2.655,10933,343,551
365000,2,TIGER 인터넷TOP10,4980,2,205,4.29,4984.0,-12.0996,1721212,8492,550
276990,4,KODEX 글로벌로봇(합성),30650,2,55,0.18,30607.0,17.4246,20181,615,543
0189B0,5,TIGER 은액티브,10305,2,430,4.35,10280.0,,227805,2335,541
0007G0,4,PLUS 글로벌원자력밸류체인,16380,2,380,2.38,16452.0,-4.3936,32946,536,541
360140,2,KODEX 200롱코스닥150숏선물,22085,2,1260,6.05,22047.0,49.928,48068,1043,530
123310,3,TIGER 인버스,1094,5,-43,-3.78,1087.0,-34.1252,4495010,4935,529
0113P0,6,HK 머니마켓액티브,101645,2,20,0.02,101633.0,0.7035,6,0,527
305050,1,ACE 코스피,87670,2,3210,3.8,87952.0,30.5968,8922,776,526
447430,2,ACE 주주환원가치주액티브,16600,5,-520,-3.04,16637.0,0.4523,58325,969,523
218420,4,KODEX 미국S&P500에너지(합성),19625,5,-395,-1.97,19906.0,9.6685,48177,944,522
371470,4,TIGER 차이나바이오테크SOLACTIVE,8095,2,265,3.38,8238.0,-7.3921,58161,461,521
487750,2,BNK 온디바이스AI,43370,2,1970,4.76,43420.0,79.6875,44470,1895,520
0036D0,4,TIME 미국배당다우존스액티브,13320,2,10,0.08,13311.0,24.5109,54538,724,519
452250,6,ACE 미국30년국채선물레버리지(합성 H),5095,2,100,2.0,5143.0,-11.9824,59392,302,517
200030,4,KODEX 미국S&P500산업재(합성),45150,2,70,0.16,45217.0,3.6798,13891,623,515
316670,1,KIWOOM 코스닥150,9355,5,-200,-2.09,9361.0,-8.996,211465,1963,515
100910,1,KIWOOM KRX100,21275,2,775,3.78,21346.0,38.3418,12281,260,511
322410,2,HANARO K고배당,23640,2,355,1.52,23782.0,-4.3089,34640,809,508
469790,2,KIWOOM 코리아테크TOP10,56085,2,3380,6.41,56034.0,67.0826,20080,1115,505
147970,2,TIGER 모멘텀,105055,2,3695,3.65,105381.0,38.321,10336,1068,504
472830,6,RISE 미국30년국채커버드콜(합성),9060,2,85,0.95,9074.0,-0.3299,54897,495,503
472840,1,IBK 200,134090,2,4725,3.65,134302.0,38.6491,8354,1109,503
475260,6,ACE 2월만기자동연장회사채AA-이상액티브,10665,3,0,0.0,10673.0,0.5657,1267,13,502
139320,5,TIGER 금은선물(H),19350,2,530,2.82,19334.0,-16.5965,39206,757,493
442260,1,마이티 다이나믹퀀트액티브,47210,2,1830,4.03,46963.0,40.4474,5795,270,491
0192L0,2,RISE SK하이닉스단일종목레버리지,25730,2,840,3.37,25920.0,,1434407,37020,489
473490,4,KIWOOM 글로벌AI반도체,35640,2,995,2.87,35408.0,54.4773,16724,590,481
217770,5,TIGER 원유선물인버스(H),1356,2,54,4.15,1363.0,-45.179,1854398,2498,478
407830,4,에셋플러스 글로벌플랫폼액티브,17045,2,500,3.02,17119.0,12.0176,28997,492,477
0178H0,7,IBK 미국AI TOP10국채혼합50,10345,2,170,1.67,10408.0,,14901,154,471
104530,2,KIWOOM 코리아고배당,18750,5,-140,-0.74,18758.0,-10.4837,74174,1380,469
450910,1,SOL 코스닥150,18330,5,-415,-2.21,18382.0,-9.0892,40814,743,462
0154F0,2,WON 초대형IB&금융지주,12895,5,-65,-0.5,12937.0,-11.7738,138681,1780,458
385520,2,KODEX 자율주행액티브,23370,2,2120,9.98,23085.0,26.7584,101591,2288,456
0023B0,4,PLUS 미국양자컴퓨팅TOP10,22780,2,1580,7.45,22673.0,43.6204,101204,2287,456
139280,2,TIGER 경기방어,12860,2,130,1.02,12812.0,-11.809,35657,452,455
498860,2,RISE 코리아금융고배당,18180,5,-120,-0.66,18241.0,-13.9874,92249,1667,455
442090,2,에셋플러스 코리아대장장이액티브,37680,2,560,1.51,37526.0,40.1019,2248,83,452
287180,4,PLUS 미국나스닥테크,59850,2,1420,2.43,59736.0,41.4727,5949,353,449
475270,6,ACE 5월만기자동연장회사채AA-이상액티브,10655,5,-5,-0.05,10656.0,0.7561,244,2,448
464470,6,PLUS 미국채30년액티브,54165,2,650,1.21,54068.0,-1.3566,10283,555,446
483420,4,ACE 애플밸류체인액티브,27675,2,1420,5.41,27644.0,46.9633,29099,789,443
491830,4,TIGER 미국AI반도체팹리스,26755,2,1745,6.98,26327.0,77.2434,182169,4826,441
105780,2,RISE 5대그룹주,22040,2,1145,5.48,22000.0,40.5153,70847,1540,441
449690,4,TIGER 한중반도체(합성),58500,5,-565,-0.96,58566.0,51.4022,2616,153,439
153270,1,KIWOOM 코스피100,104195,2,3870,3.86,104599.0,39.3932,7353,760,438
122260,6,KIWOOM 통안채1년,103450,2,5,0.0,103443.0,0.354,451,46,434
352540,7,KODEX 일본부동산리츠(H),11430,2,130,1.15,11455.0,-9.8493,34305,390,434
174360,4,RISE 중국본토대형주CSI100,27075,5,-75,-0.28,27138.0,11.5906,8500,230,433
453650,4,KODEX 미국S&P500금융,18810,5,-25,-0.13,18904.0,2.5821,21040,394,433
476690,4,TIGER 글로벌비만치료제TOP2Plus,11090,2,290,2.69,11138.0,6.6231,49110,542,433
0155N0,2,HANARO K휴머노이드테마TOP10,11340,2,630,5.88,11317.0,-3.2084,466526,5178,431
0185L0,4,TIME 글로벌휴머노이드로봇산업액티브,10485,2,175,1.7,10456.0,,801756,8401,430
0150K0,2,KoAct 수소전력ESS인프라액티브,14770,5,-520,-3.4,14834.0,9.2142,195379,2872,428
275280,2,KODEX 모멘텀주,53400,2,1835,3.56,53534.0,43.3063,6259,332,427
0166N0,1,PLUS 코스닥150액티브,10520,5,-340,-3.13,10549.0,,253574,2647,426
0083S0,4,1Q 미국메디컬AI,10390,2,490,4.95,10486.0,-3.7901,91274,946,426
474800,4,KIWOOM 미국원유에너지기업,15485,5,-245,-1.56,15647.0,9.6812,198286,3066,426
459560,4,KODEX 테슬라밸류체인FactSet,27450,2,870,3.27,27309.0,32.2563,20257,553,425
138910,5,KODEX 구리선물(H),9885,2,155,1.59,9926.0,2.3133,95686,948,425
196030,4,ACE 일본TOPIX레버리지(H),84960,2,2245,2.71,84854.0,-2.1125,221,18,425
418670,4,TIGER 글로벌AI사이버보안,15340,2,515,3.47,15432.0,34.0415,82073,1256,423
496770,4,PLUS 글로벌방산,18750,2,535,2.94,18877.0,-9.4763,40782,761,422
429760,4,PLUS 미국S&P500,21055,2,225,1.08,21033.0,14.211,11708,245,421
0155M0,4,ACE 미국SMR원자력TOP10,9150,2,165,1.84,9194.0,-0.0557,167234,1521,421
099140,4,KODEX 차이나H,23300,2,365,1.59,23323.0,-1.4184,9517,220,419
261140,2,TIGER 우선주,28890,2,1175,4.24,28890.0,4.3756,64654,1841,416
395170,2,KODEX Top10동일가중,20800,2,365,1.79,20763.0,24.7052,33363,691,416
437070,6,KODEX 아시아달러채권ESG플러스액티브,65530,2,225,0.34,65569.0,3.5707,657,42,414
476070,4,KODEX 글로벌비만치료제TOP2 Plus,11495,2,280,2.5,11546.0,6.5331,68233,780,414
266360,2,KODEX K콘텐츠,11490,2,490,4.45,11484.0,-21.5742,237448,2703,414
440650,6,ACE 미국달러단기채권액티브,12530,2,15,0.12,12542.0,5.168,81547,1018,413
139250,2,TIGER 200 에너지화학,20430,2,200,0.99,20519.0,5.5792,120808,2456,409
419430,4,KODEX 차이나2차전지MSCI(합성),12185,2,40,0.33,12213.0,5.2426,9528,116,402
292560,7,TIGER 일본엔선물,8720,5,-10,-0.11,8744.0,2.4647,27957,243,401
322400,2,HANARO e커머스,10925,2,285,2.68,11007.0,-21.5551,19557,214,399
442560,7,RISE TDF2040액티브 적격,17635,2,195,1.12,17583.0,12.2987,17371,305,397
0192M0,2,RISE 삼성전자단일종목레버리지,22670,2,2635,13.15,22550.0,,1981454,43684,397
261120,7,TIGER 미국달러선물인버스2X,4490,5,-30,-0.66,4484.0,-9.5096,9665,43,395
0197X0,2,SOL SK하이닉스선물단일종목인버스2X,14850,5,-715,-4.59,14953.0,,28974924,432710,394
488200,2,KIWOOM K-2차전지북미공급망,17455,2,930,5.63,17482.0,5.3486,32609,559,393
426150,6,WON 대한민국국고채액티브,52490,2,340,0.65,52505.0,-5.3625,641,33,393
192720,2,파워 고배당저변동성,59075,2,675,1.16,59319.0,-2.8316,13999,821,390
446690,4,KODEX 아시아AI반도체exChina액티브,77390,2,3100,4.17,77904.0,65.5297,33853,2568,387
395290,2,HANARO Fn K-POP&미디어,6045,5,-60,-0.98,6020.0,-33.2787,105020,626,387
238720,4,ACE 일본Nikkei225(H),48215,2,1440,3.08,48091.0,10.5922,4524,215,386
0177A0,2,WON 두산그룹포커스,12645,2,610,5.07,12727.0,,361787,4478,386
0112X0,1,마이티 200TR,50670,2,1875,3.84,50689.0,38.7601,60467,3054,380
0152E0,2,SOL 배당성향탑픽액티브,11305,5,-135,-1.18,11359.0,-10.5084,226178,2551,379
261060,2,TIGER 코스닥150IT,28600,5,-730,-2.49,28645.0,16.4283,93340,2662,378
241390,7,RISE V&S셀렉트밸류채권혼합,17025,2,280,1.67,17166.0,2.667,31368,531,375
295020,6,RISE 국채선물10년인버스,59485,5,-400,-0.67,59488.0,5.4313,7,0,370
387270,4,TIGER 글로벌이노베이션액티브,30475,2,720,2.42,30513.0,36.3032,5322,160,369
465350,3,RISE 2차전지TOP10인버스(합성),14100,5,-30,-0.21,14019.0,-15.0076,247337,3482,367
468630,6,KODEX iShares미국투자등급회사채액티브,12150,2,95,0.79,12141.0,2.6661,28754,348,366
464600,2,SOL 자동차소부장Fn,38145,2,4905,14.76,38092.0,74.2886,397176,14723,362
0013R0,7,RISE 테슬라미국채타겟커버드콜혼합(합성),9495,2,140,1.5,9531.0,3.4299,43683,413,361
414270,4,ACE 글로벌자율주행액티브,15025,2,160,1.08,15027.0,10.4383,16518,247,361
0144M0,4,KODEX 미국드론UAM TOP10,10450,2,615,6.25,10471.0,4.6276,342315,3567,361
275290,2,KODEX 가치주,39900,2,1280,3.31,39829.0,40.9462,9439,373,359
494410,4,PLUS 미국S&P500성장주,15540,2,280,1.83,15538.0,19.9964,6061,94,357
0085N0,6,ACE 미국10년국채액티브(H),9920,2,50,0.51,9914.0,-2.7882,40312,399,357
276650,4,RISE 글로벌테크놀로지(합성 H),47500,2,695,1.48,47796.0,20.7247,15153,723,356
450190,4,KODEX 한중반도체(합성),59170,5,-770,-1.28,59008.0,51.2681,772,45,355
0190M0,4,KIWOOM 미국AI테크하이베타,11615,2,380,3.38,11598.0,,195551,2257,354
352560,7,KODEX 미국부동산리츠(H),12365,5,-85,-0.68,12369.0,2.6421,29710,366,352
489290,4,WON 미국빌리어네어,16695,2,345,2.11,16674.0,11.8713,16206,268,351
0141T0,6,SOL 중기종합채권(AA-이상)액티브,49985,2,80,0.16,49976.0,-0.7853,1,0,349
0047R0,4,RISE 팔란티어고정테크100,15820,2,520,3.4,15858.0,19.8567,48577,764,348
145850,2,TREX 펀더멘탈 200,137935,2,6060,4.6,137432.0,29.9855,103,13,345
491090,4,KODEX 미국테크TOP3플러스,19705,2,335,1.73,19689.0,22.4743,120513,2362,345
276970,4,KODEX 미국S&P500배당귀족커버드콜(합성 H),7330,2,20,0.27,7435.0,-9.6664,17042,124,345
0138T0,4,RISE 미국S&P500데일리고정커버드콜,10570,2,80,0.76,10589.0,14.2042,44446,468,344
0103T0,2,1Q K소버린AI,11450,2,1745,17.98,11179.0,-13.4839,1133306,12391,344
0192T0,2,SOL 코스닥TOP10,9655,5,-135,-1.38,9701.0,,415920,3993,343
493420,4,SOL 미국배당다우존스2호,13180,2,5,0.04,13192.0,9.7252,10346,136,343
461600,6,SOL 미국30년국채액티브(H),8615,2,95,1.12,8634.0,-5.3859,60835,524,340
271060,5,KODEX 3대농산물선물(H),8300,3,0,0.0,8313.0,2.1538,161054,1342,339
459750,4,RISE 글로벌주식분산액티브,19330,2,180,0.94,19321.0,9.9311,12624,243,338
496120,1,ACE 코리아밸류업,39550,2,960,2.49,39661.0,38.4864,8993,354,336
459790,4,KIWOOM 미국성장기업30액티브,24780,2,480,1.98,24854.0,30.5749,5341,132,335
449780,4,KIWOOM 미국S&P500(H),18560,2,140,0.76,18539.0,8.9186,20963,388,334
415760,4,SOL 차이나육성산업액티브(합성),14975,5,-920,-5.79,15229.0,30.4472,78906,1211,332
195930,4,TIGER 유로스탁스50(합성 H),22125,2,120,0.55,22281.0,-1.1012,13132,287,332
419650,4,PLUS 글로벌수소&차세대연료전지,8275,2,90,1.1,8301.0,63.3142,90970,750,331
223190,2,KODEX 200가치저변동,32930,2,1815,5.83,32789.0,15.2541,8923,288,329
380340,2,ACE 코리아AI테크핵심산업,40920,2,4515,12.4,40340.0,75.1846,347343,13798,327
252710,3,TIGER 200선물인버스2X,89,5,-9,-9.18,89.0,-61.5687,79358717,7231,327
411540,1,SOL 200 Top10,21610,2,515,2.44,21570.0,17.3211,35225,756,324
227540,2,TIGER 200 헬스케어,20000,2,205,1.04,19834.0,-20.5495,59263,1173,324
415340,4,KODEX 차이나과창판STAR50(합성),16100,5,-1050,-6.12,16370.0,31.5184,60403,1010,324
0065G0,4,KODEX 차이나테크TOP10,10100,5,-25,-0.25,10126.0,1.7077,30470,309,323
0093D0,7,KoAct 팔란티어밸류체인액티브,20745,2,970,4.91,20568.0,42.1128,85830,1771,322
139270,2,TIGER 200 금융,16545,2,150,0.91,16599.0,-3.9127,37419,613,321
245350,4,TIGER 유로스탁스배당30,20060,5,-125,-0.62,20344.0,5.8099,4007,80,321
176950,6,KODEX 국채선물10년인버스,59315,5,-310,-0.52,59275.0,5.2794,1160,68,320
245360,4,TIGER 차이나HSCEI,13345,2,125,0.95,13380.0,-1.0474,20399,269,320
117460,2,KODEX 에너지화학,16315,2,45,0.28,16411.0,-7.0642,84954,1368,320
156080,1,KODEX MSCI Korea,63850,2,2335,3.8,64034.0,39.6963,6598,418,319
183700,7,RISE 200채권혼합50,106100,2,2305,2.22,106426.0,14.6842,6630,700,318
256440,4,ACE MSCI인도네시아(합성),5880,2,195,3.43,5822.0,-30.2454,65649,381,318
407310,1,HANARO 200 TOP10,21155,2,555,2.69,21116.0,16.9993,4377,92,317
475380,7,RISE 글로벌리얼티인컴,11495,5,-25,-0.22,11566.0,3.5319,12329,141,316
0137W0,4,KIWOOM 미국S&P500&GOLD,11155,2,95,0.86,11188.0,11.5348,14296,158,312
385600,2,ACE 2차전지&친환경차액티브,17255,2,1445,9.14,17302.0,31.1571,88722,1501,311
0107F0,4,KIWOOM 미국고배당&AI테크,12145,2,65,0.54,12264.0,15.1213,9760,118,310
277540,4,ACE 아시아TOP50,36410,2,980,2.77,36302.0,24.8194,1760,63,309
261250,7,KODEX 미국달러선물레버리지,18835,2,115,0.61,18853.0,9.4097,26944,503,309
368190,2,HANARO Fn K-뉴딜디지털플러스,9215,2,160,1.77,9301.0,-7.5549,19959,182,309
289480,3,TIGER 200커버드콜,11840,2,235,2.02,12140.0,15.7431,30540,360,308
367740,2,HANARO Fn5G산업,55830,2,4185,8.1,55670.0,62.2899,16114,878,307
364690,1,KODEX 혁신기술테마액티브,51025,2,2845,5.9,50818.0,40.9739,5248,264,306
292500,1,SOL KRX300,60935,2,2210,3.76,61183.0,34.8695,284,17,305
204450,4,KODEX 차이나H레버리지(H),2380,2,30,1.28,2395.0,-12.6395,52974,124,302
451600,6,PLUS 국고채30년액티브,91585,2,2035,2.27,91806.0,-12.0118,140,12,302
117680,2,KODEX 철강,15415,5,-105,-0.68,15361.0,-9.9764,82943,1267,302
248270,4,TIGER S&P글로벌헬스케어(합성),25960,2,320,1.25,26221.0,-2.1748,7749,200,301
159800,1,마이티 코스피100,107525,2,4045,3.91,107552.0,40.5318,929,99,301
388280,2,RISE K엔터&여행레저,7915,5,-85,-1.06,7969.0,-9.0985,161406,1269,301
292160,1,TIGER KRX300,59850,2,2260,3.92,60056.0,34.4414,1638,97,299
0097L0,7,KIWOOM 한국고배당&미국AI테크,13290,2,120,0.91,13314.0,-1.5046,42291,559,299
300950,2,KODEX 게임산업,6360,2,30,0.47,6384.0,-3.7263,216045,1371,299
0089B0,7,PLUS 미국나스닥100미국채혼합50,12355,2,120,0.98,12349.0,15.2907,25994,319,297
0104P0,2,TIGER 코리아배당다우존스위클리커버드콜,11815,2,185,1.59,11863.0,-7.928,58938,691,295
469050,4,RISE 미국반도체NYSE(H),34740,2,1040,3.09,34404.0,55.4623,98171,3390,295
477730,4,KODEX 인도타타그룹,8275,2,195,2.41,8293.0,-6.1471,21990,180,294
252650,1,KODEX 200동일가중,20965,2,320,1.55,21083.0,2.5142,1031,21,294
437350,6,RISE 미국단기투자등급회사채액티브,13260,2,45,0.34,13268.0,3.9323,24829,328,292
438320,4,TIGER 차이나항셍테크레버리지(합성 H),6095,5,-25,-0.41,6211.0,-14.2257,57778,356,290
497780,4,KoAct 미국천연가스인프라액티브,11510,5,-190,-1.62,11640.0,6.8512,53161,610,288
0090B0,2,PLUS K방산소부장,10825,5,-405,-3.61,10785.0,1.0131,145659,1555,287
152380,6,KODEX 국채선물10년,65455,2,400,0.61,65483.0,-4.2676,2422,158,287
404260,2,KODEX 기후변화솔루션,31710,2,1375,4.53,31859.0,22.0361,4960,156,285
391670,1,HK 베스트일레븐액티브,37820,2,3230,9.34,37652.0,43.3245,791,29,284
280930,4,KODEX 미국러셀2000(H),16680,2,125,0.76,16707.0,8.4862,36107,602,284
289250,2,TIGER MSCI KOREA ESG유니버설,42700,2,1495,3.63,42765.0,47.1509,13926,591,282
364990,2,TIGER 게임TOP10,5580,2,55,1.0,5615.0,0.1121,252862,1407,282
483570,4,KCGI 미국S&P500 TOP10,17590,2,320,1.85,17559.0,18.9393,4538,79,281
461450,1,KODEX 코스닥글로벌,18740,5,-560,-2.9,18820.0,-1.5367,35939,670,281
229720,1,KODEX KTOP30,46745,2,3035,6.94,46421.0,29.8229,14449,660,280
0164G0,4,RISE 차이나AI반도체TOP4Plus,16025,5,-625,-3.75,15976.0,,87426,1436,280
138230,7,KIWOOM 미국달러선물,17500,2,30,0.17,17525.0,5.4315,4736,82,280
269420,4,KODEX S&P글로벌인프라(합성),24340,5,-85,-0.35,24436.0,1.055,5905,143,278
0051A0,4,KoAct 브로드컴밸류체인액티브,27770,2,515,1.89,27649.0,48.853,7476,206,278
0104G0,2,PLUS K방산레버리지,11810,5,-840,-6.64,11933.0,-12.3877,179744,2177,278
465660,4,TIGER 일본반도체FACTSET,27700,2,895,3.34,27628.0,19.2434,35090,960,277
304770,1,HANARO 코스닥150,18715,5,-425,-2.22,18755.0,-9.0723,76381,1420,277
167860,6,KIWOOM 국고채10년레버리지,94110,2,965,1.04,94111.0,-8.8111,381,35,273
0193G0,1,KoAct 코스피액티브,10845,2,330,3.14,10868.0,,159352,1711,271
108590,1,TREX 200,134975,2,5245,4.04,134633.0,38.7743,220,29,270
225130,4,ACE 골드선물 레버리지(합성 H),53760,2,3435,6.83,54074.0,-32.2952,11966,638,269
375760,2,HANARO 탄소효율그린뉴딜,29835,2,1360,4.78,29666.0,30.6398,855,25,269
376410,2,TIGER 탄소효율그린뉴딜,29750,2,1055,3.68,29763.0,30.554,2996,88,268
445910,2,TIGER MKF배당귀족,22115,2,425,1.96,22255.0,-2.6218,11289,248,265
0115C0,4,RISE 미국고배당다우존스TOP10,11620,2,45,0.39,11632.0,2.6627,14195,164,261
363510,6,SOL KIS단기통안채,111490,2,20,0.02,111485.0,0.5865,1,0,258
479850,2,HANARO K-뷰티,15585,5,-85,-0.54,15578.0,-2.4266,55641,857,257
440340,7,TIGER 글로벌멀티에셋TIF액티브,13160,2,175,1.35,13125.0,7.0411,25788,336,257
433220,4,에셋플러스 글로벌대장장이액티브,36565,2,460,1.27,36588.0,23.2673,919,33,256
387280,2,TIGER 퓨처모빌리티액티브,17620,2,1260,7.7,17565.0,16.8983,53594,912,255
337120,2,KODEX 멀티팩터,42570,2,1625,3.97,42703.0,31.4425,111,4,255
0194T0,2,ACE SK하이닉스단일종목레버리지,25500,2,605,2.43,25702.0,,1484119,38073,255
417630,2,TIGER KEDI혁신기업ESG30,23005,2,865,3.91,23066.0,15.0928,6706,152,253
0047P0,4,RISE 테슬라고정테크100,16770,2,405,2.47,16704.0,22.861,48334,806,252
481340,6,RISE 미국30년국채액티브,9800,2,130,1.34,9788.0,-3.1261,66080,645,250
471460,6,KIWOOM 국고채30년액티브,49940,2,970,1.98,49748.0,-11.7945,3410,169,250
494340,4,ACE 글로벌AI맞춤형반도체,24850,2,1475,6.31,24404.0,83.1896,98280,2413,249
300640,2,RISE 게임테마,7095,5,-35,-0.49,7129.0,-11.1579,29253,208,248
292050,1,RISE KRX300,61220,2,2160,3.66,61517.0,35.0616,2191,133,245
463300,4,RISE 중국본토CSI300,15240,2,190,1.26,15288.0,9.9342,4348,65,244
0186L0,4,KoAct 미국로봇피지컬AI액티브,11560,2,340,3.03,11504.0,,137139,1573,243
0153X0,4,PLUS 미국고배당주액티브,11275,5,-35,-0.31,11288.0,6.081,35368,398,242
226980,1,KODEX 200 중소형,26900,2,355,1.34,26771.0,4.1907,27084,726,242
289040,2,KODEX MSCI KOREA ESG유니버설,40340,2,1400,3.6,40609.0,41.4592,771,31,242
464920,4,PLUS 일본반도체소부장,26350,2,705,2.75,26414.0,10.7764,19173,495,237
304760,1,HANARO KRX300,59220,2,2680,4.74,58886.0,34.6976,494,28,237
461910,4,PLUS 미국테크TOP10레버리지(합성),47220,2,1620,3.55,47250.0,39.2366,1196,55,236
195970,4,PLUS 선진국MSCI(합성 H),15995,2,145,0.91,16100.0,-2.0396,7512,120,234
404120,2,TIME K신재생에너지액티브,33035,2,1050,3.28,33120.0,18.1566,14049,460,231
445690,2,BNK 주주가치액티브,35550,2,485,1.38,35446.0,12.1362,621,21,231
169950,4,KODEX 차이나A50,28855,2,135,0.47,29505.0,12.7822,2752,79,231
0049K0,7,ACE 미국배당퀄리티채권혼합50,11525,2,15,0.13,11530.0,5.3872,27619,318,231
0026E0,4,KODEX 미국S&P500버퍼3월액티브,12360,2,60,0.49,12484.0,13.1156,563,6,229
185680,4,KODEX 미국S&P바이오(합성),43540,2,655,1.53,43837.0,9.5122,2263,98,227
0194M0,2,ACE 삼성전자단일종목레버리지,22535,2,2485,12.39,22471.0,,1286496,28271,225
228820,1,TIGER KTOP30,23325,2,1160,5.23,23343.0,30.3106,43844,1008,222
457690,6,KODEX 33-06 국고채액티브,10495,2,45,0.43,10498.0,-3.2856,8581,90,220
489000,6,PLUS 일본엔화초단기국채(합성),9990,2,35,0.35,10002.0,1.9979,131928,1311,220
396510,4,TIGER 차이나클린에너지SOLACTIVE,9605,5,-150,-1.54,9814.0,8.7513,12415,120,219
253290,7,RISE 헬스케어채권혼합,12145,5,-20,-0.16,12232.0,-10.0222,43956,535,219
183710,7,RISE 주식혼합,109260,2,3370,3.18,109241.0,27.5015,5984,651,219
227830,1,PLUS 코스피,87285,2,2650,3.13,87738.0,31.0123,711,61,218
476260,2,HANARO 반도체핵심공정주도주,13195,5,-605,-4.38,13234.0,6.4814,273826,3610,218
236350,4,TIGER 인도니프티50레버리지(합성),32780,2,400,1.24,33337.0,-14.6997,2518,81,216
337150,2,KODEX 200exTOP,30845,2,1230,4.15,30791.0,9.402,2687,81,216
282000,3,RISE 국고채3년선물인버스,114460,5,-180,-0.16,114470.0,2.1746,5,0,214
461900,4,PLUS 미국테크TOP10,25080,2,475,1.93,25065.0,19.4603,4789,119,213
091220,2,TIGER 은행,15195,2,95,0.63,15156.0,-9.5887,30910,468,213
284980,2,RISE 200금융,22035,2,130,0.59,22102.0,-3.6753,12956,283,212
417450,4,RISE 글로벌수소경제,23500,5,-750,-3.09,23264.0,76.4277,22950,534,212
0192S0,7,SOL 코스피200채권혼합50,10495,2,175,1.7,10525.0,,144166,1507,210
102960,2,KODEX 기계장비,18360,5,-200,-1.08,18469.0,4.383,183869,3385,209
0088N0,2,WON K-글로벌수급상위,13000,5,-300,-2.26,12956.0,-1.4815,60819,782,208
449580,7,RISE 테슬라애플아마존채권혼합,17280,2,295,1.74,17391.0,5.7596,40888,708,207
289260,2,TIGER MSCI KOREA ESG리더스,34550,2,1265,3.8,34757.0,44.942,10708,369,207
0018Z0,4,RISE 미국양자컴퓨팅,22990,2,1435,6.66,22659.0,41.6228,42692,975,207
468370,6,KODEX iShares미국인플레이션국채액티브,12025,2,105,0.88,11999.0,3.9977,58073,695,207
371450,4,TIGER 글로벌클라우드컴퓨팅INDXX,12530,2,330,2.7,12544.0,25.5144,33878,422,205
477490,4,에셋플러스 글로벌일등기업포커스10액티브,22530,2,370,1.67,22568.0,24.25,2505,56,203
0193K0,2,PLUS 삼성전자단일종목레버리지,24475,2,2825,13.05,24258.0,,677847,16226,202
219390,4,RISE 미국S&P원유생산기업(합성 H),7235,5,-5,-0.07,7385.0,8.6271,69061,499,199
487950,4,KODEX 대만테크고배당다우존스,14205,2,420,3.05,14315.0,31.7747,31349,437,199
0184E0,7,1Q 200채권혼합50액티브,12115,2,215,1.81,12076.0,,170187,2064,194
239660,6,PLUS 우량회사채50,120840,2,55,0.05,120834.0,0.0704,1321,159,193
416090,4,ACE 중국과창판STAR50,14850,5,-900,-5.71,15070.0,32.3529,90157,1399,193
413930,2,WON AI ESG액티브,34910,2,1080,3.19,35131.0,37.2692,1924,67,192
404650,2,SOL KRX기후변화솔루션,31910,2,1520,5.0,31848.0,22.3682,437,13,191
0067Y0,4,TIGER 차이나AI소프트웨어,14690,2,860,6.22,13909.0,6.5485,64741,928,191
483330,4,ACE 마이크로소프트밸류체인액티브,15900,2,435,2.81,15838.0,33.2615,154038,2442,191
410870,2,TIME K컬처액티브,10585,5,-130,-1.21,10659.0,-14.6895,45701,482,191
332620,6,PLUS 미국장기우량회사채,100765,2,1145,1.15,100799.0,1.9112,1134,113,188
474920,4,에셋플러스 차이나일등기업포커스10액티브,19880,2,185,0.94,20033.0,18.6088,1590,31,187
442550,7,RISE TDF2030액티브 적격,15550,2,145,0.94,15527.0,7.3145,17192,267,187
0186S0,7,1Q 코스닥150채권혼합50액티브,9565,5,-130,-1.34,9532.0,,412185,3947,187
225060,4,TIGER 이머징마켓MSCI레버리지(합성 H),17590,2,570,3.35,17847.0,10.2331,645,11,186
104520,2,KIWOOM 블루칩,16910,2,705,4.35,16899.0,2.6339,2982,49,186
419420,4,KODEX 미국클린에너지나스닥,13165,2,230,1.78,13271.0,40.1275,7369,96,184
213630,4,PLUS 미국다우존스고배당주(합성 H),19950,2,70,0.35,20037.0,-1.3155,6625,132,184
131890,2,ACE 삼성그룹동일가중,45830,2,2775,6.45,45665.0,22.7986,6890,308,183
0028X0,4,KODEX 미국금융테크액티브,11450,2,175,1.55,11515.0,2.8594,10249,117,183
469160,4,ACE 일본반도체,30520,2,1555,5.37,30458.0,31.4201,20835,628,183
291130,4,ACE MSCI멕시코(합성),20170,5,-110,-0.54,20350.0,1.3746,2321,46,182
453630,4,KODEX 미국S&P500필수소비재,13325,5,-15,-0.11,13401.0,-0.0877,14161,188,180
460660,4,RISE 미국S&P배당킹,11980,2,120,1.01,12027.0,-1.7218,7041,84,180
494420,2,PLUS 미국배당증가성장주데일리커버드콜,9930,2,80,0.81,9933.0,6.9126,25187,249,179
0127R0,4,RISE 미국AI클라우드인프라,19800,2,870,4.6,19558.0,68.0426,53984,1056,178
373490,2,KODEX 코리아혁신성장액티브,35610,2,715,2.05,35713.0,28.9653,4255,150,178
491510,2,파워 K-주주가치액티브,18695,2,135,0.73,18813.0,-1.4601,164,3,178
0105D0,2,SOL 한국AI소프트웨어,13145,2,2005,18.0,12954.0,-7.7518,2249635,28849,177
453820,4,KODEX 인도Nifty50레버리지(합성),13580,2,490,3.74,13574.0,-16.2776,14037,187,177
252000,1,TIGER 200동일가중,21910,2,575,2.7,22015.0,0.9938,694,15,175
0086C0,7,TIGER 리츠부동산인프라10채권혼합액티브,10000,5,-40,-0.4,10040.0,-2.8991,27984,280,175
447660,7,PLUS 애플채권혼합,13885,2,70,0.51,13918.0,4.4622,11971,166,174
276000,4,TIGER 글로벌자원생산기업(합성 H),20330,5,-150,-0.73,20526.0,-2.4762,9066,184,173
140580,2,RISE 우량업종대표주,28785,2,460,1.62,28959.0,8.8482,1374,39,173
472720,1,TRUSTON 주주가치액티브,30780,2,575,1.9,30982.0,16.3296,6223,190,172
195920,4,TIGER 일본TOPIX(합성 H),34135,2,815,2.45,34190.0,-0.6412,334,11,171
400570,4,KODEX 유럽탄소배출권선물ICE(H),10990,2,210,1.95,11106.0,9.0541,18240,200,170
432840,4,HANARO 미국S&P500,21210,2,170,0.81,21220.0,14.3986,8801,185,170
244620,2,KODEX 모멘텀Plus,24170,5,-135,-0.56,24322.0,17.3342,295,7,169
453010,7,PLUS KOFR금리,109125,2,15,0.01,109120.0,0.5992,1571,171,168
0153P0,2,ACE 리츠부동산인프라액티브,9590,5,-150,-1.54,9634.0,-5.9565,8639,83,168
280320,4,ACE 미국IT인터넷(합성 H),20975,2,340,1.65,21079.0,12.6979,935,19,168
360150,2,KODEX 코스닥150롱코스피200숏선물,3570,5,-170,-4.55,3525.0,-36.6639,49886,178,168
250730,4,RISE 차이나HSCEI(H),9855,2,25,0.25,9927.0,-5.4354,9227,90,168
0021D0,7,ACE TDF2030액티브 적격,11530,5,-5,-0.04,11577.0,-0.3026,4937,56,167
130680,5,TIGER 원유선물Enhanced(H),6910,5,-300,-4.16,6913.0,64.8,153767,1065,166
280920,2,PLUS 주도업종,30140,2,1570,5.5,30228.0,16.8686,4455,132,166
234310,2,RISE V&S셀렉트밸류,32915,2,1025,3.21,33069.0,10.1207,639,20,165
0000H0,2,KODEX 인도Nifty미드캡100,11320,2,180,1.62,11356.0,3.483,8652,97,164
0084E0,7,KIWOOM 미국대형주500월간목표헤지액티브,11315,2,90,0.8,11301.0,13.6327,144,1,164
446700,2,RISE 배터리 리사이클링,13660,5,-110,-0.8,13662.0,-2.9673,15472,209,164
0015F0,7,KIWOOM 팔란티어미국30년국채혼합액티브(H),10185,2,205,2.05,10269.0,-4.0253,35441,361,163
292770,6,KODEX 국채선물3년인버스,57580,5,-85,-0.15,57583.0,2.1704,13,0,162
482030,2,KoAct 반도체&2차전지핵심소재액티브,12450,5,-210,-1.66,12431.0,-2.1261,27107,335,162
496130,1,TRUSTON 코리아밸류업액티브,30875,2,575,1.9,30874.0,26.3816,2495,76,161
464610,2,SOL 의료기기소부장Fn,8875,5,-220,-2.42,8882.0,-19.1461,93233,826,160
0013P0,4,RISE 미국은행TOP10,12160,2,30,0.25,12207.0,4.6459,19961,242,158
265690,4,ACE 러시아MSCI(합성),8535,3,0,0.0,48.0,0.0,0,0,158
395760,2,PLUS ESG성장주액티브,26180,2,650,2.55,26245.0,30.7685,3947,102,157
0094X0,4,1Q 샤오미밸류체인액티브,9975,2,20,0.2,10047.0,3.9686,67195,671,155
463640,4,KODEX 미국S&P500유틸리티,15420,5,-165,-1.06,15555.0,0.0612,5643,86,154
0008E0,4,ACE 미국중심중소형제조업,15380,2,130,0.85,15434.0,12.0911,7923,121,154
484890,6,SOL 머니마켓액티브,52175,2,5,0.01,52173.0,0.6171,5270,274,153
0127V0,4,KIWOOM 미국S&P500 TOP10&배당다우비중전환,11725,2,135,1.16,11728.0,16.7483,11426,133,152
279540,2,KODEX 최소변동성,25375,2,680,2.75,25453.0,18.7945,345,8,152
114460,6,ACE 국고채3년,100925,2,165,0.16,100948.0,-1.19,1560,157,151
266410,2,KODEX 필수소비재,9440,5,-35,-0.37,9443.0,-0.2781,15236,142,151
0176P0,2,FOCUS AI반도체위클리고정커버드콜,16765,2,685,4.26,16699.0,,22193,366,151
371150,4,RISE 차이나항셍테크,7915,2,50,0.64,7929.0,-0.6945,7890,62,150
453660,4,KODEX 미국S&P500경기소비재,19725,2,75,0.38,19831.0,9.4337,6084,119,148
0113G0,4,KoAct 미국바이오헬스케어액티브,10415,2,140,1.36,10508.0,1.632,22832,236,146
435040,4,ACE 글로벌브랜드TOP10,20810,2,115,0.56,20825.0,7.2275,2619,54,146
0093B0,4,RISE 엔비디아고정테크100,13870,2,230,1.69,13903.0,25.4829,8126,112,146
269530,4,PLUS S&P글로벌인프라,22340,5,-105,-0.47,22173.0,1.2467,2863,63,145
0172Y0,2,ACE K수출핵심TOP10산업액티브,11615,2,65,0.56,11672.0,,97081,1122,145
300610,2,TIGER K게임,6005,3,0,0.0,6028.0,-11.8336,79136,478,144
488290,4,MIDAS 일본테크액티브,52380,2,1465,2.88,52875.0,37.3667,978,50,144
266390,2,KODEX 경기소비재,15950,2,1760,12.4,15887.0,10.3685,401077,6219,144
498050,2,HANARO 바이오코리아액티브,13660,5,-275,-1.97,13711.0,-20.3715,26275,357,143
461580,1,TIGER 코스닥글로벌,19065,5,-485,-2.48,19189.0,-2.1068,10351,197,143
371870,4,ACE 차이나항셍테크,7875,2,65,0.83,7912.0,-0.4462,21354,167,142
0127T0,4,KIWOOM 미국S&P500&배당다우존스비중전환,11800,2,100,0.85,11796.0,13.0145,20239,237,142
448490,6,HANARO 32-10 국고채액티브,53415,2,580,1.1,53339.0,-4.9303,4141,221,141
137610,5,TIGER 농산물선물Enhanced(H),5395,2,15,0.28,5375.0,3.3621,64478,345,140
407820,2,에셋플러스 코리아플랫폼액티브,7765,5,-40,-0.51,7732.0,-17.0564,2750,21,140
0191S0,1,IBK 코스닥150,18785,5,-425,-2.21,18842.0,,548,10,139
0021C0,7,ACE TDF장기자산배분액티브,14550,2,75,0.52,14535.0,6.4338,7473,108,138
0087F0,4,ACE 차이나AI빅테크TOP2+액티브,14400,2,250,1.77,14383.0,28.9293,10688,153,137
385710,2,TIME K이노베이션액티브,15175,5,-85,-0.56,15285.0,11.3462,15797,239,137
354240,7,RISE 미국고정배당우선증권,11850,2,170,1.46,11838.0,1.9642,13182,155,136
0198D0,2,1Q SK하이닉스선물단일종목레버리지,28635,2,995,3.6,28873.0,,357844,10342,136
140710,2,KODEX 운송,6775,2,70,1.04,6787.0,-11.2213,124864,839,136
399580,4,RISE 글로벌클린에너지,13535,2,370,2.81,13481.0,29.5767,11057,149,135
438900,2,HANARO Fn K-푸드,11190,5,-170,-1.5,11252.0,-7.0669,30200,338,134
269370,4,TIGER S&P글로벌인프라(합성),19025,5,-75,-0.39,19073.0,0.6344,1255,23,133
428560,4,KODEX 미국ETF산업Top10 Indxx,16580,2,115,0.7,16722.0,1.8497,7640,126,133
301400,1,PLUS 코스닥150,18895,5,-500,-2.58,18990.0,-8.7906,15048,284,132
0184N0,7,PLUS 은채권혼합,9780,2,235,2.46,9782.0,,134730,1314,132
489860,4,KIWOOM 글로벌전력GRID인프라,17600,2,45,0.26,17522.0,13.2421,11378,198,132
261110,7,TIGER 미국달러선물레버리지,18845,2,75,0.4,18864.0,9.8946,239,4,132
332610,6,PLUS 미국단기회사채(AAA~A),137220,2,260,0.19,137296.0,5.283,1349,184,132
0138D0,2,RISE 동학개미,17465,5,-355,-1.99,17586.0,14.4895,17989,312,131
0004G0,4,1Q 미국배당TOP30,9320,2,90,0.98,9327.0,-3.0154,89461,832,130
381570,2,HANARO Fn친환경에너지,13710,5,-225,-1.61,13801.0,18.1756,22569,310,130
140570,2,RISE 수출주,32555,2,1760,5.72,32383.0,22.2104,4371,137,130
457700,6,KODEX 53-09 국고채액티브,9860,2,155,1.6,9859.0,-10.3465,15599,153,130
0094L0,4,RISE 차이나테크TOP10위클리타겟커버드콜,8960,5,-5,-0.06,8928.0,4.0422,50101,448,130
465670,4,TIGER 미국캐시카우100,16195,2,195,1.22,16249.0,10.1767,5539,89,130
449680,7,TIGER 한중전기차(합성),15235,2,705,4.85,15156.0,0.5884,228,3,129
404540,2,TIGER KRX기후변화솔루션,31945,2,1065,3.45,32148.0,22.9768,2216,69,128
0194R0,2,KIWOOM SK하이닉스선물단일종목레버리지,25440,2,715,2.89,25729.0,,345917,8929,127
281990,2,RISE 중소형고배당,18020,5,-120,-0.66,18137.0,-7.2431,3472,62,126
433250,1,UNICORN R&D 액티브,31360,2,1795,6.07,31219.0,23.6253,55,1,125
379790,4,RISE 유로스탁스50(H),16720,2,220,1.33,16694.0,-1.0495,10076,167,125
0001P0,2,마이티 바이오시밀러&CDMO액티브,11055,5,-205,-1.82,11133.0,-23.7332,18346,202,124
354350,4,HANARO 글로벌럭셔리S&P(합성),21555,2,105,0.49,21893.0,-3.1603,2859,61,123
463690,4,KODEX 미국S&P500커뮤니케이션,20295,2,175,0.87,20362.0,5.5812,433,8,122
453060,6,HANARO KOFR금리액티브(합성),110650,2,15,0.01,110640.0,0.6138,671,74,122
409810,4,KODEX 미국나스닥100선물인버스(H),5400,5,-90,-1.64,5411.0,-15.9265,25393,137,122
494180,4,TIME 글로벌소비트렌드액티브,14285,2,100,0.7,14504.0,1.1408,1920,27,121
0133E0,4,TIGER 차이나증권,8970,2,145,1.64,9050.0,-5.615,9015,81,121
251590,2,PLUS 고배당저변동50,17240,5,-255,-1.46,17305.0,-5.3804,6049,104,121
451150,4,에셋플러스 글로벌영에이지액티브,19275,2,315,1.66,19250.0,-0.1843,97,1,120
166400,3,TIGER 200커버드콜OTM,23835,2,600,2.58,23974.0,18.7004,3204,75,119
435550,7,KIWOOM TDF2050액티브 적격,19635,2,225,1.16,19605.0,12.6523,26605,518,118
466810,2,BNK 2차전지양극재,8005,5,-45,-0.56,8060.0,-0.0621,75329,596,116
487910,4,ACE 인도컨슈머파워액티브,8865,2,150,1.72,8864.0,-6.7915,6889,60,115
430500,7,KIWOOM 물가채KIS,113250,2,530,0.47,113231.0,-0.6873,931,105,113
485810,4,TIME 글로벌바이오액티브,10700,2,215,2.05,10751.0,-0.4274,20924,223,112
105010,4,TIGER 라틴35,7010,5,-60,-0.85,7024.0,2.4423,32424,226,112
0194N0,2,KIWOOM 삼성전자선물단일종목레버리지,22430,2,2465,12.35,22458.0,,430320,9445,112
0198B0,2,1Q 삼성전자선물단일종목레버리지,23580,2,2615,12.47,23528.0,,396275,9099,112
429980,7,SOL 한국형글로벌전기차&2차전지액티브,22310,2,495,2.27,22296.0,31.5007,5796,128,112
456250,4,KODEX 유럽명품TOP10 STOXX,9670,2,110,1.15,9714.0,-8.7299,16637,160,111
0174R0,4,KIWOOM 미국성장다우존스,12285,2,270,2.25,12259.0,,8570,104,111
375270,7,RISE 글로벌데이터센터리츠(합성),17000,2,45,0.27,17046.0,19.066,3756,63,111
460270,6,KIWOOM 미국달러SOFR금리액티브(합성),13525,5,-25,-0.18,13549.0,5.9421,11,0,110
0002C0,4,에셋플러스 인도일등기업포커스20액티브,10130,2,125,1.25,10233.0,5.929,3250,32,109
0047N0,4,PLUS 차이나AI테크TOP10,11490,2,115,1.01,11470.0,7.9571,10356,118,109
225800,7,KIWOOM 미국달러선물레버리지,17775,2,70,0.4,17800.0,9.5606,154,2,108
310080,4,RISE 중국MSCI China(H),9380,2,80,0.86,9444.0,-10.1015,5230,48,108
457930,2,BNK 미래전략기술액티브,35925,2,815,2.32,35769.0,17.523,638,22,108
290080,3,RISE 200고배당커버드콜ATM,6140,5,-70,-1.13,6262.0,-20.2828,12034,74,107
402460,2,HANARO Fn K-메타버스MZ,19340,2,2600,15.53,19143.0,54.0581,42838,790,106
139290,2,TIGER 200 경기소비재,35370,2,2040,6.12,35385.0,0.8404,162660,5694,106
395150,2,KODEX 웹툰&드라마,2080,2,55,2.72,2092.0,-33.2785,247466,518,106
429010,4,TIGER 미국나스닥넥스트100,21160,2,370,1.78,21193.0,19.8961,1264,26,106
117690,4,TIGER 차이나항셍30,21115,2,245,1.17,21307.0,-2.6132,8868,186,106
0166T0,4,PLUS 글로벌저작권핵심기업액티브,10400,2,95,0.92,10416.0,,16124,166,104
390400,4,KODEX 미국스마트모빌리티S&P,9290,2,300,3.34,9443.0,24.8416,29072,268,102
395750,2,PLUS ESG가치주액티브,25535,2,995,4.05,25700.0,33.2399,2932,74,102
0120J0,2,BNK 카카오그룹포커스,8510,2,240,2.9,8500.0,-28.6454,139776,1180,102
0084D0,7,KIWOOM 미국테크100월간목표헤지액티브,12745,2,135,1.07,12821.0,22.7454,1059,13,102
181480,7,ACE 미국부동산리츠(합성 H),84900,5,-220,-0.26,85112.0,1.8493,120,10,102
237440,7,TIGER 경기방어채권혼합,10185,3,0,0.0,10251.0,-4.9907,20468,209,102
395280,2,HANARO Fn K-게임,4050,2,25,0.62,4076.0,-2.0682,6017,24,101
450180,7,KODEX 한중전기차(합성),15505,2,715,4.83,15510.0,0.2372,445,6,101
0184V0,2,UNICORN 코스닥바이오액티브,9060,5,-515,-5.38,9134.0,,139238,1255,100
253280,2,RISE 헬스케어,14900,5,-35,-0.23,14925.0,-23.8636,7288,109,97
0005C0,6,RISE 미국S&P500엔화노출(합성 H),12090,2,140,1.17,12153.0,9.8345,432,5,97
487920,4,ACE 인도시장대표BIG5그룹액티브,8780,2,175,2.03,8770.0,-1.2622,6637,57,97
256450,4,PLUS 심천차이넥스트(합성),19250,5,-250,-1.28,19384.0,32.069,1891,36,96
270800,2,RISE KQ고배당,17460,5,-385,-2.16,17389.0,6.53,1195,20,96
494210,4,SOL 미국500타겟데일리커버드콜액티브,11960,2,145,1.23,11982.0,13.9751,10782,128,96
435540,7,KIWOOM TDF2040액티브 적격,19035,2,210,1.12,19045.0,12.1871,8975,170,95
230480,7,KIWOOM 미국달러선물인버스2X,3930,2,10,0.26,3933.0,-10.5023,468,1,95
480460,7,WON 한국부동산TOP3플러스,9430,5,-275,-2.83,9437.0,-5.6494,1098,10,94
0102X0,4,ACE 유럽방산TOP10,10410,2,430,4.31,10430.0,-9.4904,24818,257,94
499150,4,SOL 미국S&P500엔화노출(H),11700,2,125,1.08,11768.0,10.7014,13427,156,94
174350,2,TIGER 로우볼,20215,5,-120,-0.59,20306.0,-4.5129,4711,95,93
341850,7,TIGER 리츠부동산인프라채권,4610,5,-35,-0.75,4605.0,-6.4418,5650,26,92
497510,4,ACE 글로벌빅파마,13150,2,170,1.31,13189.0,1.1947,2199,28,92
438740,2,MIDAS 중소형액티브,40365,2,130,0.32,40490.0,3.7519,27,1,91
0082F0,4,HANARO 유럽방산,11220,2,385,3.55,11266.0,-7.8265,8321,92,90
285690,2,FOCUS ESG리더스,25610,2,1080,4.4,25623.0,15.5984,452,11,90
215620,2,HK S&P코리아로우볼,16510,2,5,0.03,16481.0,-10.2639,3,0,89
250780,3,TIGER 코스닥150선물인버스,2105,2,45,2.18,2104.0,-0.7229,940939,1991,88
0036Z0,4,RISE 미국천연가스밸류체인,13465,5,-95,-0.7,13524.0,9.4872,5038,67,88
435530,7,KIWOOM TDF2030액티브 적격,16880,2,135,0.81,16892.0,10.6375,5682,95,84
368680,2,KODEX K-뉴딜디지털플러스,9330,2,250,2.75,9390.0,-7.5858,5247,48,84
497520,4,ACE 일라이릴리밸류체인,12900,2,440,3.53,12934.0,-0.3997,9885,124,84
272570,6,RISE 중장기국공채액티브,107490,2,195,0.18,107489.0,-2.0585,61,6,84
462340,4,에셋플러스 글로벌다이나믹시니어액티브,16690,2,240,1.46,16702.0,1.763,73,1,83
437370,4,RISE 글로벌농업경제,11070,5,-20,-0.18,11163.0,-1.1146,9879,109,83
182490,6,TIGER 단기선진하이일드(합성 H),13825,2,70,0.51,13839.0,0.1456,1251,17,83
326230,2,RISE 내수주플러스,12565,2,415,3.42,12631.0,-6.7985,6823,85,83
139240,2,TIGER 200 철강소재,13150,5,-140,-1.05,13224.0,-18.4454,11767,153,82
219900,4,ACE 중국본토CSI300레버리지(합성),5710,2,40,0.71,5789.0,19.3684,6370,36,80
227570,2,TIGER 우량가치,22205,2,105,0.48,22347.0,8.1187,6833,151,80
243890,2,TIGER 200에너지화학레버리지,12710,2,435,3.54,12814.0,-1.0081,18694,235,79
488480,4,RISE 일본섹터TOP4Plus,14210,2,225,1.61,14245.0,0.5391,1873,26,78
189400,4,PLUS 글로벌MSCI(합성 H),25770,2,135,0.53,25753.0,6.4355,337,8,77
413220,4,SOL 차이나태양광CSI(합성),6405,5,-330,-4.9,6511.0,4.4996,12123,78,77
0078V0,4,PLUS 미국로보택시,11705,2,220,1.92,11723.0,5.8021,3576,41,76
429740,7,PLUS K리츠,6300,5,-130,-2.02,6323.0,-10.0594,5602,35,76
291630,3,KIWOOM 코스닥150선물레버리지,7240,5,-335,-4.42,7260.0,-26.0976,94436,684,75
400590,4,SOL 글로벌탄소배출권선물ICE(합성),14915,2,105,0.71,15096.0,21.5927,4946,73,75
451670,6,RISE 국채30년레버리지(합성),14870,2,600,4.2,14808.0,-24.4174,1959,28,74
0191B0,1,MIDAS 코스닥액티브,37040,5,-1235,-3.23,37331.0,,1700,63,74
217780,4,TIGER 차이나CSI300인버스(합성),4765,5,-60,-1.24,4870.0,-9.5596,14,0,74
483020,2,KIWOOM 의료AI,11330,5,-145,-1.26,11363.0,-22.4774,9940,111,74
407300,2,HANARO Fn골프테마,13280,2,345,2.67,13116.0,6.8074,65,0,73
316300,7,ACE 싱가포르리츠,14485,2,220,1.54,14429.0,-0.9198,1529,21,72
244670,2,KODEX 밸류Plus,12000,5,-130,-1.07,12077.0,-5.2513,1611,19,72
0154H0,4,KoAct 차이나바이오헬스케어액티브,8470,2,235,2.85,8617.0,-9.9016,13609,111,72
304670,6,KODEX 미국30년국채울트라선물인버스(H),11915,5,-160,-1.33,11953.0,6.5284,1921,22,71
456200,6,PLUS 미국달러SOFR금리액티브(합성),64540,5,-100,-0.15,64754.0,5.6899,5,0,71
315270,2,TIGER 200커뮤니케이션서비스,21940,2,850,4.03,22046.0,-13.4091,6702,148,70
314700,2,HANARO 농업융복합산업,12555,5,-30,-0.24,12634.0,1.8571,523,6,69
391600,4,ACE 미국친환경그린테마,13705,2,135,0.99,13967.0,17.6929,2161,29,69
0053M0,2,더제이 중소형포커스액티브,14795,5,-240,-1.6,14933.0,5.3948,3282,48,67
0131A0,4,SOL 차이나소비트렌드,9485,2,365,4.0,9559.0,-13.0601,1594,14,66
0132D0,7,KoAct 글로벌K컬처밸류체인액티브,9265,5,-75,-0.8,9400.0,-12.9138,1106,10,65
291890,4,KODEX MSCI EM선물(H),12755,2,340,2.74,12750.0,5.5697,2453,31,64
401590,4,HANARO 글로벌탄소배출권선물ICE(합성),12070,2,175,1.47,12063.0,21.5636,11770,140,62
139660,7,KIWOOM 미국달러선물인버스,7675,5,-30,-0.39,7711.0,-4.9353,127,0,61
483240,4,TIGER 미국나스닥100ETF선물,15270,2,200,1.33,15323.0,24.855,4635,70,61
289670,6,PLUS 국채선물10년,52420,2,315,0.6,52468.0,-4.4209,1079,56,61
0114X0,4,RISE 글로벌게임테크TOP3Plus,8665,2,195,2.3,8693.0,5.8088,8802,75,61
138920,5,KODEX 콩선물(H),12095,2,90,0.75,12080.0,0.7976,664,7,60
474390,6,SOL 국고채30년액티브,44320,2,895,2.06,44213.0,-11.8811,697,30,59
0128D0,4,PLUS 차이나항셍테크위클리타겟커버드콜,8225,2,115,1.42,8289.0,0.9364,3195,26,58
476310,4,RISE 글로벌비만산업TOP2+,10445,2,175,1.7,10548.0,9.1972,9998,103,57
220130,4,SOL 차이나강소기업CSI500(합성 H),7170,5,-150,-2.05,7192.0,1.1748,1663,11,57
0073X0,5,FOCUS 알리바바미국채커버드콜혼합,10400,5,-35,-0.34,10456.0,-1.5009,1616,16,57
400580,4,SOL 유럽탄소배출권선물S&P(H),11200,2,115,1.04,11392.0,9.9157,2025,22,56
411860,4,KIWOOM 독일DAX,18425,2,115,0.63,18443.0,1.1524,2718,50,55
469530,3,RISE 미국달러선물인버스,8615,5,-30,-0.35,8615.0,-4.2636,851,7,55
307510,2,TIGER 의료기기,15680,5,-305,-1.91,15754.0,-20.3141,10938,170,55
432600,6,RISE 국채선물3년,54810,2,40,0.07,54832.0,-1.0122,20,1,55
267450,6,RISE 미국장기국채선물인버스(H),10880,5,-40,-0.37,10854.0,4.7984,920,10,54
0015E0,7,KIWOOM 엔비디아미국30년국채혼합액티브(H),10795,2,75,0.7,10832.0,-0.4557,5114,55,54
488210,2,KIWOOM K-반도체북미공급망,26965,5,-435,-1.59,27010.0,33.5252,4862,130,54
321410,7,KODEX 멀티에셋하이인컴(H),10695,2,35,0.33,10695.0,-0.042,2,0,53
0174J0,7,DAISHIN343 오피스리츠플러스,8850,5,-165,-1.83,8939.0,,64,0,53
306530,3,HANARO 코스닥150선물레버리지,14645,5,-715,-4.65,14652.0,-25.4369,19917,292,53
483030,4,KIWOOM 미국블록버스터바이오테크의약품+,11700,5,-15,-0.13,11794.0,3.509,5050,59,53
295000,6,RISE 국채선물10년,51795,2,305,0.59,51826.0,-4.2492,14,0,52
498610,4,RISE 인도디지털성장,8570,2,90,1.06,8563.0,-1.3954,1483,12,51
261920,4,ACE MSCI필리핀(합성),12805,5,-190,-1.46,12798.0,-11.4783,1102,14,51
490330,4,KoAct 미국치매&뇌질환치료제액티브,14120,2,60,0.43,14198.0,16.1503,4363,61,49
0015K0,4,TIGER 미국소비트렌드액티브,7830,2,140,1.82,7885.0,0.5886,650,5,49
267440,6,RISE 미국장기국채선물(H),8185,2,75,0.92,8293.0,-5.9711,2238,18,49
244660,2,KODEX 퀄리티Plus,9660,2,160,1.68,9725.0,-8.6082,38,0,48
0050E0,4,PLUS 미국AI에이전트,8730,2,230,2.71,8766.0,10.035,8302,72,48
277650,2,TIGER 코스피중형주,23770,5,-155,-0.65,23897.0,0.6323,2811,66,48
266550,2,PLUS 중형주저변동50,18795,5,-195,-1.03,18925.0,1.8403,26,0,47
227550,2,TIGER 200 산업재,14635,5,-10,-0.07,14608.0,6.548,6522,94,47
470310,2,UNICORN 생성형AI강소기업액티브,18700,2,705,3.92,18652.0,20.9747,5959,110,47
205720,4,ACE 일본TOPIX인버스(합성 H),1524,5,-23,-1.49,1530.0,-1.3393,208,0,46
373790,4,KIWOOM 미국방어배당성장나스닥,16205,5,-135,-0.83,16285.0,-3.1019,659,10,45
225050,4,TIGER 유로스탁스레버리지(합성 H),14880,2,5,0.03,14961.0,-6.2106,148,2,45
334690,5,RISE 팔라듐선물(H),6360,2,10,0.16,6414.0,-26.5896,7741,49,45
225030,4,TIGER 미국S&P500선물인버스(H),2270,5,-15,-0.66,2271.0,-8.233,17925,40,44
226380,2,ACE Fn성장소비주도주,6120,2,90,1.49,6106.0,-14.6325,1643,9,43
427120,2,RISE AI플랫폼,6270,2,320,5.38,6265.0,-22.5473,22893,142,41
238670,7,PLUS 스마트베타Quality채권혼합,13435,2,30,0.22,13549.0,0.9256,2417,32,40
291680,4,RISE 차이나H선물인버스(H),7970,5,-85,-1.06,7950.0,5.2253,436,3,40
397420,6,RISE 국채선물5년추종,50430,2,115,0.23,50449.0,-1.9488,4,0,39
476000,2,UNICORN 포스트IPO액티브,8455,5,-375,-4.25,8517.0,-31.8673,745,6,38
267490,6,RISE 미국장기국채선물레버리지(합성 H),5265,2,60,1.15,5333.0,-11.5549,6108,32,37
0079X0,4,ACE BYD밸류체인액티브,12060,5,-160,-1.31,12061.0,-2.0049,6319,76,36
489010,4,PLUS 글로벌AI인프라,23275,2,580,2.56,22996.0,30.8069,16847,387,35
145670,3,ACE 인버스,1216,5,-66,-5.15,1219.0,-33.5407,403619,497,34
252420,3,RISE 200선물인버스2X,87,5,-7,-7.45,86.0,-60.8334,1116426,98,34
454180,4,KIWOOM 차이나내수소비TOP CSI,8360,2,210,2.58,8420.0,-9.5273,879,7,33
424460,4,HANARO 글로벌워터MSCI(합성),15625,5,-195,-1.23,15766.0,-5.9454,995,15,31
280940,5,KODEX 골드선물인버스(H),3365,5,-80,-2.32,3340.0,20.0348,14963,50,29
227560,2,TIGER 200 생활소비재,12830,5,-125,-0.96,12917.0,-7.0317,4238,54,28
491630,4,RISE 미국반도체인버스(합성 H),5400,5,-80,-1.46,5521.0,-43.4469,5065,27,26
252410,3,RISE 200선물인버스,1242,5,-53,-4.09,1239.0,-34.4636,23083,28,25
291620,3,KIWOOM 코스닥150선물인버스,3750,2,100,2.74,3740.0,0.6896,9938,37,23
253230,3,KIWOOM 200선물인버스2X,86,5,-6,-6.52,84.0,-62.14,4003114,345,20
334700,5,RISE 팔라듐선물인버스(H),3310,5,-5,-0.15,3283.0,27.2552,1509,4,20
275750,3,RISE 코스닥150선물인버스,2135,2,50,2.4,2138.0,1.2135,13286,28,19
412560,2,TIGER BBIG레버리지,2660,2,105,4.11,2678.0,-13.3899,14795,39,17
253160,3,PLUS 200선물인버스2X,175,5,-18,-9.33,172.0,-60.6123,995938,178,15
253240,3,KIWOOM 200선물인버스,1240,5,-49,-3.8,1241.0,-36.3457,45321,56,15
465620,4,ACE 미국빅테크TOP7 Plus인버스(합성),6045,5,-110,-1.79,6079.0,-19.0665,1927,11,15
306520,3,HANARO 200선물인버스,2270,5,-95,-4.02,2258.0,-33.8462,19470,44,11
422260,2,VITA MZ소비액티브,9950,5,-150,-1.49,10044.0,-8.1401,160,1,10
301410,3,PLUS 코스닥150선물인버스,3110,2,70,2.3,3107.0,-2.4078,7379,23,8
